1,1.0,240,20
2,1.0,160,16
3,1.0,65,16
4,1.0,80,16
5,1.0,75,16
6,1.0,160,16
7,1.0,55,16
8,1.0,55,16
9,1.0,75,16
10,1.0,175,16
11,1.0,45,16
12,1.0,1627,45
13,1.0,100,16
14,1.0,60,16
15,1.0,85,16
16,1.0,75,16
17,1.0,414,29
18,1.0,230,20
19,1.0,70,16
20,1.0,110,16
21,1.0,155,16
22,1.0,80,16
23,1.0,85,16
24,1.0,40,16
25,1.0,80,16
26,1.0,95,16
27,1.0,130,16
28,1.0,95,16
29,1.0,140,16
30,1.0,210,20
31,1.0,55,16
32,1.0,210,20
33,1.0,105,16
34,1.0,120,16
35,1.0,105,16
36,1.0,85,16
37,1.0,65,16
38,1.0,55,16
39,1.0,65,16
40,1.0,130,16
41,1.0,45,16
42,1.0,65,16
43,1.0,35,16
44,1.0,75,16
45,1.0,100,16
46,1.0,75,16
47,1.0,30,16
48,1.0,60,16
49,1.0,65,16
50,1.0,95,16
51,1.0,60,16
52,1.0,65,16
53,1.0,50,16
54,1.0,90,16
55,1.0,65,16
56,1.0,230,20
57,1.0,1132,37
58,1.0,225,16
59,1.0,666,27
60,1.0,70,16
61,1.0,698,27
62,1.0,80,16
63,1.0,100,16
64,1.0,65,16
65,1.0,691,25
66,1.0,120,16
67,1.0,105,16
68,1.0,135,16
69,1.0,65,16
70,1.0,95,16
71,1.0,80,16
72,1.0,70,16
73,1.0,150,16
74,1.0,70,16
75,1.0,45,16
76,1.0,374,21
77,1.0,534,25
78,1.0,75,16
79,1.0,75,16
80,1.0,210,20
81,1.0,130,16
82,1.0,180,16
83,1.0,60,16
84,1.0,65,16
85,1.0,45,16
86,1.0,55,16
87,1.0,115,16
88,1.0,70,16
89,1.0,185,16
90,1.0,75,16
91,1.0,65,16
92,1.0,702,25
93,1.0,225,20
94,1.0,50,16
95,1.0,210,20
96,1.0,60,16
97,1.0,155,16
98,1.0,205,20
99,1.0,730,27
100,1.0,95,16
101,1.0,65,16
102,1.0,45,16
103,1.0,80,16
104,1.0,1135,30
105,1.0,55,16
106,1.0,100,16
107,1.0,561,25
108,1.0,65,16
109,1.0,155,16
110,1.0,190,20
111,1.0,90,16
112,1.0,625,25
113,1.0,210,20
114,1.0,538,29
115,1.0,799,31
116,1.0,50,16
117,1.0,75,16
118,1.0,840,29
119,1.0,359,21
120,1.0,95,16
121,1.0,35,16
122,1.0,80,16
123,1.0,215,16
124,1.0,660,27
125,1.0,155,16
126,1.0,155,20
127,1.0,110,16
128,1.0,160,16
129,1.0,85,16
130,1.0,75,16
131,1.0,90,16
132,1.0,85,16
133,1.0,55,16
134,1.0,165,16
135,1.0,190,20
136,1.0,105,16
137,1.0,1228,38
138,1.0,60,16
139,1.0,105,16
140,1.0,399,25
141,1.0,105,16
142,1.0,150,16
143,1.0,65,16
144,1.0,105,16
145,1.0,95,16
146,1.0,55,16
147,1.0,175,16
148,1.0,230,16
149,1.0,1742,47
150,1.0,80,16
151,1.0,115,16
152,1.0,220,20
153,1.0,130,16
154,1.0,414,21
155,1.0,105,16
156,1.0,829,27
157,1.0,125,16
158,1.0,50,16
159,1.0,60,16
160,1.0,65,16
161,1.0,2301,56
162,1.0,55,16
163,1.0,105,16
164,1.0,413,21
165,1.0,55,16
166,1.0,95,16
167,1.0,125,16
168,1.0,205,20
169,1.0,55,16
170,1.0,170,20
171,1.0,120,16
172,1.0,115,16
173,1.0,95,16
174,1.0,65,16
175,1.0,30,16
176,1.0,165,16
177,1.0,225,20
178,1.0,45,16
179,1.0,160,16
180,1.0,80,16
181,1.0,170,20
182,1.0,30,16
183,1.0,245,20
184,1.0,383,25
185,1.0,334,21
186,1.0,95,16
187,1.0,55,16
188,1.0,115,16
189,1.0,115,16
190,1.0,50,16
191,1.0,205,20
192,1.0,90,16
193,1.0,50,16
194,1.0,125,16
195,1.0,60,16
196,1.0,90,16
197,1.0,50,16
198,1.0,60,16
199,1.0,140,16
200,1.0,75,16
201,1.0,80,16
202,1.0,95,16
203,1.0,100,16
204,1.0,906,33
205,1.0,501,21
206,1.0,120,16
207,1.0,115,16
208,1.0,95,16
209,1.0,125,16
210,1.0,1271,34
211,1.0,110,16
212,1.0,70,16
213,1.0,145,20
214,1.0,130,16
215,1.0,200,20
216,1.0,155,20
217,1.0,115,16
218,1.0,95,16
219,1.0,60,16
220,1.0,75,16
221,1.0,541,25
222,1.0,703,25
223,1.0,45,16
224,1.0,135,16
225,1.0,150,16
226,1.0,75,16
227,1.0,65,16
228,1.0,75,16
229,1.0,190,20
230,1.0,80,16
231,1.0,110,16
232,1.0,115,16
233,1.0,15,16
234,1.0,130,16
235,1.0,1170,33
236,1.0,115,16
237,1.0,95,16
238,1.0,438,25
239,1.0,65,16
240,1.0,125,16
241,1.0,50,16
242,1.0,185,16
243,1.0,135,16
244,1.0,10,16
245,1.0,30,16
246,1.0,205,16
247,1.0,140,16
248,1.0,523,21
249,1.0,60,16
250,1.0,70,16
251,1.0,50,16
252,1.0,100,16
253,1.0,110,16
254,1.0,930,36
255,1.0,75,16
256,1.0,65,16
257,1.0,145,16
258,1.0,95,16
259,1.0,65,16
260,1.0,120,16
261,1.0,95,16
262,1.0,235,20
263,1.0,50,16
264,1.0,75,16
265,1.0,90,16
266,1.0,55,16
267,1.0,25,16
268,1.0,35,16
269,1.0,175,16
270,1.0,642,27
271,1.0,115,16
272,1.0,435,25
273,1.0,495,21
274,1.0,195,20
275,1.0,225,20
276,1.0,60,16
277,1.0,245,20
278,1.0,140,20
279,1.0,170,20
280,1.0,205,20
281,1.0,90,16
282,1.0,80,16
283,1.0,55,16
284,1.0,45,16
285,1.0,40,16
286,1.0,135,16
287,1.0,65,16
288,1.0,175,16
289,1.0,95,16
290,1.0,90,16
291,1.0,55,16
292,1.0,90,16
293,1.0,65,16
294,1.0,95,16
295,1.0,836,28
296,1.0,362,21
297,1.0,60,16
298,1.0,130,16
299,1.0,110,16
300,1.0,55,16
301,1.0,145,16
302,1.0,150,16
303,1.0,65,16
304,1.0,436,25
305,1.0,155,16
306,1.0,165,20
307,1.0,220,20
308,1.0,190,16
309,1.0,100,16
310,1.0,180,20
311,1.0,45,16
312,1.0,195,20
313,1.0,100,16
314,1.0,190,16
315,1.0,1270,40
316,1.0,95,16
317,1.0,443,25
318,1.0,356,21
319,1.0,105,16
320,1.0,120,16
321,1.0,65,16
322,1.0,110,16
323,1.0,210,20
324,1.0,90,16
325,1.0,190,20
326,1.0,50,16
327,1.0,130,16
328,1.0,60,16
329,1.0,85,16
330,1.0,160,16
331,1.0,110,16
332,1.0,195,16
333,1.0,115,16
334,1.0,606,21
335,1.0,90,16
336,1.0,25,16
337,1.0,55,16
338,1.0,30,16
339,1.0,110,16
340,1.0,801,28
341,1.0,55,16
342,1.0,65,16
343,1.0,195,20
344,1.0,391,21
345,1.0,50,16
346,1.0,25,16
347,1.0,80,16
348,1.0,40,16
349,1.0,90,16
350,1.0,35,16
351,1.0,120,16
352,1.0,145,16
353,1.0,50,16
354,1.0,85,16
355,1.0,145,16
356,1.0,80,16
357,1.0,80,16
358,1.0,160,16
359,1.0,80,16
360,1.0,309,21
361,1.0,170,20
362,1.0,364,17
363,1.0,85,16
364,1.0,80,16
365,1.0,210,16
366,1.0,716,25
367,1.0,175,16
368,1.0,504,21
369,1.0,454,25
370,1.0,110,16
371,1.0,80,16
372,1.0,160,20
373,1.0,428,21
374,1.0,210,20
375,1.0,55,16
376,1.0,60,16
377,1.0,115,16
378,1.0,105,16
379,1.0,110,16
380,1.0,40,16
381,1.0,65,16
382,1.0,70,16
383,1.0,105,16
384,1.0,125,16
385,1.0,150,16
386,1.0,55,16
387,1.0,205,16
388,1.0,110,16
389,1.0,70,16
390,1.0,70,16
391,1.0,55,16
392,1.0,145,16
393,1.0,90,16
394,1.0,75,16
395,1.0,1267,36
396,1.0,608,25
397,1.0,401,21
398,1.0,95,16
399,1.0,458,25
400,1.0,210,16
401,1.0,50,16
402,1.0,100,16
403,1.0,665,27
404,1.0,563,25
405,1.0,35,16
406,1.0,641,25
407,1.0,190,20
408,1.0,80,16
409,1.0,55,16
410,1.0,70,16
411,1.0,558,25
412,1.0,230,20
413,1.0,60,16
414,1.0,65,16
415,1.0,60,16
416,1.0,120,16
417,1.0,105,16
418,1.0,75,16
419,1.0,180,20
420,1.0,60,16
421,1.0,100,16
422,1.0,100,16
423,1.0,90,16
424,1.0,160,16
425,1.0,120,16
426,1.0,65,16
427,1.0,230,20
428,1.0,70,16
429,1.0,150,16
430,1.0,883,28
431,1.0,140,16
432,1.0,95,16
433,1.0,165,16
434,1.0,200,20
435,1.0,145,16
436,1.0,1023,30
437,1.0,80,16
438,1.0,150,20
439,1.0,75,16
440,1.0,160,20
441,1.0,185,20
442,1.0,115,16
443,1.0,95,16
444,1.0,100,16
445,1.0,786,28
446,1.0,100,16
447,1.0,95,16
448,1.0,125,16
449,1.0,85,16
450,1.0,848,29
451,1.0,70,16
452,1.0,130,16
453,1.0,60,16
454,1.0,145,16
455,1.0,65,16
456,1.0,95,16
457,1.0,40,16
458,1.0,544,25
459,1.0,50,16
460,1.0,150,20
461,1.0,185,16
462,1.0,55,16
463,1.0,55,16
464,1.0,95,16
465,1.0,125,16
466,1.0,50,16
467,1.0,65,16
468,1.0,75,16
469,1.0,105,16
470,1.0,175,16
471,1.0,100,16
472,1.0,632,33
473,1.0,140,16
474,1.0,75,16
475,1.0,50,16
476,1.0,75,16
477,1.0,95,16
478,1.0,100,16
479,1.0,110,16
480,1.0,115,16
481,1.0,160,20
482,1.0,85,16
483,1.0,140,16
484,1.0,2349,51
485,1.0,140,16
486,1.0,190,20
487,1.0,245,20
488,1.0,100,16
489,1.0,140,16
490,1.0,90,16
491,1.0,105,16
492,1.0,205,20
493,1.0,50,16
494,1.0,616,28
495,1.0,165,16
496,1.0,60,16
497,1.0,359,21
498,1.0,105,16
499,1.0,110,16
500,1.0,346,25
501,1.0,70,16
502,1.0,240,20
503,1.0,60,16
504,1.0,70,16
505,1.0,105,16
506,1.0,80,16
507,1.0,115,16
508,1.0,60,16
509,1.0,60,16
510,1.0,115,16
511,1.0,60,16
512,1.0,125,16
513,1.0,175,16
514,1.0,135,16
515,1.0,90,16
516,1.0,85,16
517,1.0,45,16
518,1.0,95,16
519,1.0,50,16
520,1.0,130,16
521,1.0,100,16
522,1.0,115,16
523,1.0,140,16
524,1.0,135,16
525,1.0,304,21
526,1.0,70,16
527,1.0,378,21
528,1.0,110,16
529,1.0,100,16
530,1.0,85,16
531,1.0,868,33
532,1.0,150,16
533,1.0,95,16
534,1.0,50,16
535,1.0,45,16
536,1.0,110,16
537,1.0,130,16
538,1.0,180,16
539,1.0,130,20
540,1.0,190,16
541,1.0,65,16
542,1.0,205,16
543,1.0,85,16
544,1.0,55,16
545,1.0,215,20
546,1.0,190,16
547,1.0,80,16
548,1.0,85,16
549,1.0,100,16
550,1.0,50,16
551,1.0,503,21
552,1.0,523,21
553,1.0,75,16
554,1.0,100,16
555,1.0,110,16
556,1.0,105,16
557,1.0,120,16
558,1.0,80,16
559,1.0,235,20
560,1.0,60,16
561,1.0,160,16
562,1.0,389,21
563,1.0,70,16
564,1.0,55,16
565,1.0,85,16
566,1.0,65,16
567,1.0,225,20
568,1.0,381,21
569,1.0,55,16
570,1.0,95,16
571,1.0,60,16
572,1.0,65,16
573,1.0,55,16
574,1.0,80,16
575,1.0,130,16
576,1.0,90,16
577,1.0,60,16
578,1.0,486,25
579,1.0,110,16
580,1.0,115,16
581,1.0,760,28
582,1.0,65,16
583,1.0,105,16
584,1.0,90,16
585,1.0,55,16
586,1.0,120,16
587,1.0,80,16
588,1.0,100,16
589,1.0,55,16
590,1.0,90,16
591,1.0,45,16
592,1.0,100,16
593,1.0,115,16
594,1.0,215,16
595,1.0,125,16
596,1.0,165,16
597,1.0,110,16
598,1.0,40,16
599,1.0,473,25
600,1.0,60,16
601,1.0,90,16
602,1.0,140,16
603,1.0,85,16
604,1.0,45,16
605,1.0,70,16
606,1.0,65,16
607,1.0,90,16
608,1.0,25,16
609,1.0,744,29
610,1.0,449,17
611,1.0,45,16
612,1.0,135,16
613,1.0,810,31
614,1.0,125,16
615,1.0,165,16
616,1.0,621,29
617,1.0,75,16
618,1.0,120,16
619,1.0,25,16
620,1.0,110,16
621,1.0,451,21
622,1.0,115,16
623,1.0,40,16
624,1.0,80,16
625,1.0,20,16
626,1.0,55,16
627,1.0,130,16
628,1.0,70,16
629,1.0,180,20
630,1.0,75,16
631,1.0,90,16
632,1.0,75,16
633,1.0,30,16
634,1.0,100,16
635,1.0,55,16
636,1.0,130,16
637,1.0,145,16
638,1.0,215,20
639,1.0,431,25
640,1.0,180,16
641,1.0,717,29
642,1.0,125,16
643,1.0,150,16
644,1.0,50,16
645,1.0,215,20
646,1.0,175,20
647,1.0,100,16
648,1.0,175,16
649,1.0,50,16
650,1.0,354,21
651,1.0,35,16
652,1.0,631,29
653,1.0,140,16
654,1.0,145,16
655,1.0,85,16
656,1.0,240,20
657,1.0,45,16
658,1.0,125,16
659,1.0,130,16
660,1.0,361,21
661,1.0,90,16
662,1.0,40,16
663,1.0,175,20
664,1.0,85,16
665,1.0,80,16
666,1.0,90,16
667,1.0,100,16
668,1.0,130,16
669,1.0,50,16
670,1.0,429,25
671,1.0,120,16
672,1.0,70,16
673,1.0,60,16
674,1.0,110,16
675,1.0,75,16
676,1.0,65,16
677,1.0,45,16
678,1.0,150,20
679,1.0,921,28
680,1.0,75,16
681,1.0,110,16
682,1.0,65,16
683,1.0,45,16
684,1.0,70,16
685,1.0,80,16
686,1.0,135,16
687,1.0,175,20
688,1.0,175,20
689,1.0,50,16
690,1.0,35,16
691,1.0,35,16
692,1.0,150,16
693,1.0,170,16
694,1.0,441,21
695,1.0,55,16
696,1.0,80,16
697,1.0,55,16
698,1.0,65,16
699,1.0,180,20
700,1.0,80,16
701,1.0,696,27
702,1.0,678,27
703,1.0,135,16
704,1.0,65,16
705,1.0,70,16
706,1.0,85,16
707,1.0,80,16
708,1.0,90,16
709,1.0,100,16
710,1.0,294,21
711,1.0,215,20
712,1.0,1006,32
713,1.0,551,25
714,1.0,50,16
715,1.0,125,16
716,1.0,70,16
717,1.0,90,16
718,1.0,85,16
719,1.0,40,16
720,1.0,130,16
721,1.0,130,16
722,1.0,135,16
723,1.0,125,16
724,1.0,75,16
725,1.0,65,16
726,1.0,897,32
727,1.0,95,16
728,1.0,245,20
729,1.0,65,16
730,1.0,50,16
731,1.0,190,16
732,1.0,110,16
733,1.0,105,16
734,1.0,90,16
735,1.0,225,20
736,1.0,60,16
737,1.0,65,16
738,1.0,155,16
739,1.0,1948,42
740,1.0,80,16
741,1.0,90,16
742,1.0,185,16
743,1.0,95,16
744,1.0,75,16
745,1.0,1154,33
746,1.0,240,20
747,1.0,65,16
748,1.0,95,16
749,1.0,105,16
750,1.0,496,21
751,1.0,35,16
752,1.0,165,20
753,1.0,45,16
754,1.0,40,16
755,1.0,100,16
756,1.0,20,16
757,1.0,115,16
758,1.0,50,16
759,1.0,120,16
760,1.0,50,16
761,1.0,240,16
762,1.0,1190,40
763,1.0,419,21
764,1.0,35,16
765,1.0,55,16
766,1.0,75,16
767,1.0,155,16
768,1.0,45,16
769,1.0,90,16
770,1.0,55,16
771,1.0,60,16
772,1.0,50,16
773,1.0,60,16
774,1.0,195,16
775,1.0,100,16
776,1.0,105,16
777,1.0,688,28
778,1.0,125,16
779,1.0,225,16
780,1.0,115,16
781,1.0,110,16
782,1.0,175,16
783,1.0,85,16
784,1.0,160,16
785,1.0,60,16
786,1.0,120,16
787,1.0,95,16
788,1.0,90,16
789,1.0,80,16
790,1.0,726,29
791,1.0,190,20
792,1.0,60,16
793,1.0,75,16
794,1.0,80,16
795,1.0,555,25
796,1.0,85,16
797,1.0,125,16
798,1.0,165,20
799,1.0,85,16
800,1.0,100,16
801,1.0,55,16
802,1.0,100,16
803,1.0,60,16
804,1.0,120,16
805,1.0,35,16
806,1.0,519,25
807,1.0,155,16
808,1.0,65,16
809,1.0,230,20
810,1.0,50,16
811,1.0,75,16
812,1.0,55,16
813,1.0,160,16
814,1.0,135,16
815,1.0,488,25
816,1.0,65,16
817,1.0,95,16
818,1.0,80,16
819,1.0,105,16
820,1.0,190,16
821,1.0,235,20
822,1.0,150,16
823,1.0,215,20
824,1.0,45,16
825,1.0,60,16
826,1.0,40,16
827,1.0,75,16
828,1.0,105,16
829,1.0,1092,30
830,1.0,45,16
831,1.0,80,16
832,1.0,110,16
833,1.0,210,20
834,1.0,55,16
835,1.0,55,16
836,1.0,85,16
837,1.0,90,16
838,1.0,100,16
839,1.0,35,16
840,1.0,110,16
841,1.0,1324,42
842,1.0,75,16
843,1.0,105,16
844,1.0,75,16
845,1.0,637,25
846,1.0,210,16
847,1.0,85,16
848,1.0,65,16
849,1.0,115,16
850,1.0,125,16
851,1.0,25,16
852,1.0,1714,47
853,1.0,50,16
854,1.0,90,16
855,1.0,100,16
856,1.0,45,16
857,1.0,105,16
858,1.0,40,16
859,1.0,70,16
860,1.0,40,16
861,1.0,80,16
862,1.0,105,16
863,1.0,180,16
864,1.0,110,16
865,1.0,110,16
866,1.0,130,16
867,1.0,85,16
868,1.0,85,16
869,1.0,100,16
870,1.0,80,16
871,1.0,140,16
872,1.0,307,25
873,1.0,175,16
874,1.0,105,16
875,1.0,70,16
876,1.0,130,16
877,1.0,65,16
878,1.0,230,20
879,1.0,105,16
880,1.0,70,16
881,1.0,55,16
882,1.0,85,16
883,1.0,321,21
884,1.0,65,16
885,1.0,105,16
886,1.0,80,16
887,1.0,120,16
888,1.0,55,16
889,1.0,155,16
890,1.0,30,16
891,1.0,840,27
892,1.0,660,29
893,1.0,461,25
894,1.0,210,20
895,1.0,135,16
896,1.0,110,16
897,1.0,115,16
898,1.0,190,20
899,1.0,110,16
900,1.0,155,16
901,1.0,185,16
902,1.0,95,16
903,1.0,75,16
904,1.0,30,16
905,1.0,50,16
906,1.0,135,16
907,1.0,105,16
908,1.0,190,20
909,1.0,105,16
910,1.0,50,16
911,1.0,135,16
912,1.0,185,16
913,1.0,140,16
914,1.0,35,16
915,1.0,115,16
916,1.0,55,16
917,1.0,190,16
918,1.0,125,16
919,1.0,155,20
920,1.0,220,16
921,1.0,379,25
922,1.0,319,17
923,1.0,90,16
924,1.0,80,16
925,1.0,50,16
926,1.0,45,16
927,1.0,205,20
928,1.0,150,16
929,1.0,205,20
930,1.0,75,16
931,1.0,210,20
932,1.0,90,16
933,1.0,170,16
934,1.0,175,20
935,1.0,210,20
936,1.0,80,16
937,1.0,70,16
938,1.0,436,21
939,1.0,155,16
940,1.0,75,16
941,1.0,1537,45
942,1.0,140,16
943,1.0,50,16
944,1.0,35,16
945,1.0,85,16
946,1.0,60,16
947,1.0,55,16
948,1.0,80,16
949,1.0,100,16
950,1.0,100,16
951,1.0,85,16
952,1.0,65,16
953,1.0,85,16
954,1.0,70,16
955,1.0,125,16
956,1.0,245,20
957,1.0,175,16
958,1.0,60,16
959,1.0,155,16
960,1.0,125,16
961,1.0,135,16
962,1.0,30,16
963,1.0,130,16
964,1.0,430,21
965,1.0,175,20
966,1.0,115,16
967,1.0,55,16
968,1.0,90,16
969,1.0,180,20
970,1.0,110,16
971,1.0,586,21
972,1.0,45,16
973,1.0,446,21
974,1.0,165,16
975,1.0,80,16
976,1.0,60,16
977,1.0,45,16
978,1.0,60,16
979,1.0,60,16
980,1.0,170,16
981,1.0,75,16
982,1.0,45,16
983,1.0,35,16
984,1.0,426,25
985,1.0,711,27
986,1.0,190,16
987,1.0,145,16
988,1.0,75,16
989,1.0,100,16
990,1.0,90,16
991,1.0,581,29
992,1.0,584,25
993,1.0,50,16
994,1.0,105,16
995,1.0,120,16
996,1.0,65,16
997,1.0,165,16
998,1.0,160,16
999,1.0,165,16
1000,1.0,160,16
1001,1.0,155,16
1002,1.0,95,16
1003,1.0,115,16
1004,1.0,55,16
1005,1.0,180,20
1006,1.0,80,16
1007,1.0,120,16
1008,1.0,50,16
1009,1.0,50,16
1010,1.0,75,16
1011,1.0,175,20
1012,1.0,105,16
1013,1.0,60,16
1014,1.0,100,16
1015,1.0,60,16
1016,1.0,95,16
1017,1.0,75,16
1018,1.0,616,25
1019,1.0,95,16
1020,1.0,105,16
1021,1.0,70,16
1022,1.0,55,16
1023,1.0,70,16
1024,1.0,185,20
1025,1.0,45,16
1026,1.0,90,16
1027,1.0,120,16
1028,1.0,968,34
1029,1.0,338,21
1030,1.0,55,16
1031,1.0,45,16
1032,1.0,401,21
1033,1.0,170,20
1034,1.0,80,16
1035,1.0,511,25
1036,1.0,927,29
1037,1.0,90,16
1038,1.0,329,17
1039,1.0,45,16
1040,1.0,155,16
1041,1.0,75,16
1042,1.0,40,16
1043,1.0,65,16
1044,1.0,823,27
1045,1.0,155,16
1046,1.0,55,16
1047,1.0,240,20
1048,1.0,60,16
1049,1.0,110,16
1050,1.0,90,16
1051,1.0,80,16
1052,1.0,245,20
1053,1.0,70,16
1054,1.0,935,33
1055,1.0,85,16
1056,1.0,120,16
1057,1.0,65,16
1058,1.0,115,16
1059,1.0,80,16
1060,1.0,50,16
1061,1.0,155,16
1062,1.0,35,16
1063,1.0,45,16
1064,1.0,185,20
1065,1.0,85,16
1066,1.0,110,16
1067,1.0,70,16
1068,1.0,120,16
1069,1.0,1200,34
1070,1.0,30,16
1071,1.0,100,16
1072,1.0,205,16
1073,1.0,551,25
1074,1.0,205,16
1075,1.0,125,16
1076,1.0,235,16
1077,1.0,90,16
1078,1.0,731,25
1079,1.0,70,16
1080,1.0,30,16
1081,1.0,145,20
1082,1.0,140,16
1083,1.0,125,16
1084,1.0,55,16
1085,1.0,546,25
1086,1.0,50,16
1087,1.0,75,16
1088,1.0,195,20
1089,1.0,359,21
1090,1.0,110,16
1091,1.0,70,16
1092,1.0,130,16
1093,1.0,65,16
1094,1.0,90,16
1095,1.0,55,16
1096,1.0,65,16
1097,1.0,195,20
1098,1.0,50,16
1099,1.0,65,16
1100,1.0,70,16
1101,1.0,732,33
1102,1.0,75,16
1103,1.0,105,16
1104,1.0,65,16
1105,1.0,90,16
1106,1.0,55,16
1107,1.0,115,16
1108,1.0,150,16
1109,1.0,55,16
1110,1.0,1252,38
1111,1.0,75,16
1112,1.0,180,20
1113,1.0,190,20
1114,1.0,592,25
1115,1.0,75,16
1116,1.0,60,16
1117,1.0,80,16
1118,1.0,400,25
1119,1.0,100,16
1120,1.0,664,29
1121,1.0,60,16
1122,1.0,105,16
1123,1.0,170,16
1124,1.0,120,16
1125,1.0,100,16
1126,1.0,60,16
1127,1.0,205,16
1128,1.0,105,16
1129,1.0,115,16
1130,1.0,55,16
1131,1.0,195,20
1132,1.0,135,20
1133,1.0,70,16
1134,1.0,70,16
1135,1.0,95,16
1136,1.0,110,16
1137,1.0,506,25
1138,1.0,55,16
1139,1.0,105,16
1140,1.0,60,16
1141,1.0,215,20
1142,1.0,105,16
1143,1.0,55,16
1144,1.0,522,25
1145,1.0,65,16
1146,1.0,115,16
1147,1.0,80,16
1148,1.0,120,16
1149,1.0,75,16
1150,1.0,185,20
1151,1.0,95,16
1152,1.0,50,16
1153,1.0,70,16
1154,1.0,35,16
1155,1.0,50,16
1156,1.0,65,16
1157,1.0,85,16
1158,1.0,90,16
1159,1.0,100,16
1160,1.0,75,16
1161,1.0,95,16
1162,1.0,60,16
1163,1.0,75,16
1164,1.0,75,16
1165,1.0,100,16
1166,1.0,826,28
1167,1.0,65,16
1168,1.0,60,16
1169,1.0,225,20
1170,1.0,155,16
1171,1.0,80,16
1172,1.0,160,16
1173,1.0,85,16
1174,1.0,381,21
1175,1.0,50,16
1176,1.0,175,16
1177,1.0,125,16
1178,1.0,845,28
1179,1.0,70,16
1180,1.0,65,16
1181,1.0,190,16
1182,1.0,100,16
1183,1.0,55,16
1184,1.0,85,16
1185,1.0,70,16
1186,1.0,235,16
1187,1.0,567,29
1188,1.0,60,16
1189,1.0,50,16
1190,1.0,180,16
1191,1.0,588,25
1192,1.0,60,16
1193,1.0,135,16
1194,1.0,35,16
1195,1.0,70,16
1196,1.0,90,16
1197,1.0,115,16
1198,1.0,50,16
1199,1.0,60,16
1200,1.0,240,20
1201,1.0,90,16
1202,1.0,790,28
1203,1.0,150,20
1204,1.0,190,20
1205,1.0,50,16
1206,1.0,185,16
1207,1.0,353,21
1208,1.0,150,16
1209,1.0,135,16
1210,1.0,100,16
1211,1.0,80,16
1212,1.0,190,20
1213,1.0,130,16
1214,1.0,95,16
1215,1.0,60,16
1216,1.0,105,16
1217,1.0,155,16
1218,1.0,90,16
1219,1.0,90,16
1220,1.0,100,16
1221,1.0,95,16
1222,1.0,175,16
1223,1.0,75,16
1224,1.0,105,16
1225,1.0,120,16
1226,1.0,75,16
1227,1.0,180,20
1228,1.0,135,16
1229,1.0,145,16
1230,1.0,55,16
1231,1.0,125,16
1232,1.0,658,29
1233,1.0,85,16
1234,1.0,210,20
1235,1.0,105,16
1236,1.0,55,16
1237,1.0,135,16
1238,1.0,95,16
1239,1.0,135,16
1240,1.0,366,21
1241,1.0,240,20
1242,1.0,50,16
1243,1.0,145,16
1244,1.0,80,16
1245,1.0,240,20
1246,1.0,105,16
1247,1.0,60,16
1248,1.0,185,16
1249,1.0,220,20
1250,1.0,95,16
1251,1.0,588,21
1252,1.0,80,16
1253,1.0,200,20
1254,1.0,130,16
1255,1.0,449,21
1256,1.0,205,20
1257,1.0,85,16
1258,1.0,205,20
1259,1.0,75,16
1260,1.0,160,20
1261,1.0,95,16
1262,1.0,643,29
1263,1.0,155,16
1264,1.0,175,16
1265,1.0,90,16
1266,1.0,225,16
1267,1.0,115,16
1268,1.0,1469,40
1269,1.0,135,16
1270,1.0,105,16
1271,1.0,50,16
1272,1.0,40,16
1273,1.0,100,16
1274,1.0,95,16
1275,1.0,140,16
1276,1.0,105,16
1277,1.0,453,21
1278,1.0,215,16
1279,1.0,513,21
1280,1.0,40,16
1281,1.0,155,16
1282,1.0,50,16
1283,1.0,190,16
1284,1.0,629,25
1285,1.0,220,20
1286,1.0,110,16
1287,1.0,45,16
1288,1.0,1120,31
1289,1.0,55,16
1290,1.0,90,16
1291,1.0,649,29
1292,1.0,90,16
1293,1.0,85,16
1294,1.0,85,16
1295,1.0,60,16
1296,1.0,185,20
1297,1.0,55,16
1298,1.0,715,27
1299,1.0,75,16
1300,1.0,170,20
1301,1.0,85,16
1302,1.0,1485,39
1303,1.0,150,16
1304,1.0,170,16
1305,1.0,90,16
1306,1.0,180,16
1307,1.0,65,16
1308,1.0,105,16
1309,1.0,95,16
1310,1.0,105,16
1311,1.0,120,16
1312,1.0,40,16
1313,1.0,165,20
1314,1.0,115,16
1315,1.0,190,16
1316,1.0,40,16
1317,1.0,55,16
1318,1.0,90,16
1319,1.0,474,29
1320,1.0,50,16
1321,1.0,50,16
1322,1.0,1117,38
1323,1.0,145,16
1324,1.0,60,16
1325,1.0,105,16
1326,1.0,205,20
1327,1.0,50,16
1328,1.0,110,16
1329,1.0,75,16
1330,1.0,436,25
1331,1.0,508,25
1332,1.0,100,16
1333,1.0,50,16
1334,1.0,95,16
1335,1.0,105,16
1336,1.0,95,16
1337,1.0,130,16
1338,1.0,50,16
1339,1.0,90,16
1340,1.0,1300,34
1341,1.0,160,20
1342,1.0,115,16
1343,1.0,130,16
1344,1.0,100,16
1345,1.0,35,16
1346,1.0,85,16
1347,1.0,235,20
1348,1.0,661,25
1349,1.0,180,16
1350,1.0,170,16
1351,1.0,85,16
1352,1.0,85,16
1353,1.0,40,16
1354,1.0,90,16
1355,1.0,240,20
1356,1.0,80,16
1357,1.0,210,16
1358,1.0,225,16
1359,1.0,210,20
1360,1.0,65,16
1361,1.0,85,16
1362,1.0,185,20
1363,1.0,125,16
1364,1.0,90,16
1365,1.0,190,16
1366,1.0,353,21
1367,1.0,55,16
1368,1.0,120,16
1369,1.0,90,16
1370,1.0,240,20
1371,1.0,35,16
1372,1.0,115,16
1373,1.0,393,21
1374,1.0,115,16
1375,1.0,483,21
1376,1.0,170,20
1377,1.0,65,16
1378,1.0,371,21
1379,1.0,170,20
1380,1.0,100,16
1381,1.0,155,16
1382,1.0,75,16
1383,1.0,205,20
1384,1.0,125,16
1385,1.0,115,16
1386,1.0,433,25
1387,1.0,55,16
1388,1.0,175,16
1389,1.0,60,16
1390,1.0,689,23
1391,1.0,95,16
1392,1.0,55,16
1393,1.0,85,16
1394,1.0,75,16
1395,1.0,240,20
1396,1.0,484,25
1397,1.0,60,16
1398,1.0,428,21
1399,1.0,165,20
1400,1.0,110,16
1401,1.0,70,16
1402,1.0,245,20
1403,1.0,65,16
1404,1.0,55,16
1405,1.0,654,25
1406,1.0,75,16
1407,1.0,165,16
1408,1.0,210,20
1409,1.0,85,16
1410,1.0,75,16
1411,1.0,30,16
1412,1.0,100,16
1413,1.0,120,16
1414,1.0,200,20
1415,1.0,65,16
1416,1.0,160,16
1417,1.0,70,16
1418,1.0,85,16
1419,1.0,55,16
1420,1.0,75,16
1421,1.0,45,16
1422,1.0,60,16
1423,1.0,115,16
1424,1.0,65,16
1425,1.0,90,16
1426,1.0,95,16
1427,1.0,120,16
1428,1.0,200,16
1429,1.0,155,16
1430,1.0,135,20
1431,1.0,55,16
1432,1.0,1157,36
1433,1.0,35,16
1434,1.0,297,21
1435,1.0,70,16
1436,1.0,135,16
1437,1.0,75,16
1438,1.0,95,16
1439,1.0,70,16
1440,1.0,115,16
1441,1.0,785,23
1442,1.0,145,16
1443,1.0,125,16
1444,1.0,35,16
1445,1.0,1406,39
1446,1.0,175,20
1447,1.0,60,16
1448,1.0,55,16
1449,1.0,55,16
1450,1.0,50,16
1451,1.0,160,20
1452,1.0,105,16
1453,1.0,75,16
1454,1.0,85,16
1455,1.0,220,20
1456,1.0,1136,41
1457,1.0,90,16
1458,1.0,70,16
1459,1.0,100,16
1460,1.0,235,20
1461,1.0,140,16
1462,1.0,85,16
1463,1.0,125,16
1464,1.0,180,20
1465,1.0,85,16
1466,1.0,125,16
1467,1.0,160,16
1468,1.0,80,16
1469,1.0,80,16
1470,1.0,110,16
1471,1.0,45,16
1472,1.0,75,16
1473,1.0,1518,39
1474,1.0,55,16
1475,1.0,240,20
1476,1.0,120,16
1477,1.0,115,16
1478,1.0,120,16
1479,1.0,100,16
1480,1.0,65,16
1481,1.0,215,20
1482,1.0,205,20
1483,1.0,90,16
1484,1.0,170,20
1485,1.0,130,16
1486,1.0,584,25
1487,1.0,60,16
1488,1.0,105,16
1489,1.0,70,16
1490,1.0,50,16
1491,1.0,80,16
1492,1.0,180,16
1493,1.0,150,16
1494,1.0,65,16
1495,1.0,60,16
1496,1.0,230,20
1497,1.0,50,16
1498,1.0,145,16
1499,1.0,80,16
1500,1.0,215,20
1501,1.0,100,16
1502,1.0,130,16
1503,1.0,105,16
1504,1.0,85,16
1505,1.0,50,16
1506,1.0,110,16
1507,1.0,1425,41
1508,1.0,210,20
1509,1.0,155,16
1510,1.0,75,16
1511,1.0,424,25
1512,1.0,95,16
1513,1.0,60,16
1514,1.0,120,16
1515,1.0,210,20
1516,1.0,45,16
1517,1.0,90,16
1518,1.0,95,16
1519,1.0,371,21
1520,1.0,95,16
1521,1.0,20,16
1522,1.0,85,16
1523,1.0,210,20
1524,1.0,120,16
1525,1.0,75,16
1526,1.0,160,20
1527,1.0,20,16
1528,1.0,85,16
1529,1.0,170,20
1530,1.0,55,16
1531,1.0,85,16
1532,1.0,70,16
1533,1.0,90,16
1534,1.0,60,16
1535,1.0,120,16
1536,1.0,100,16
1537,1.0,85,16
1538,1.0,45,16
1539,1.0,35,16
1540,1.0,70,16
1541,1.0,50,16
1542,1.0,616,31
1543,1.0,105,16
1544,1.0,728,25
1545,1.0,150,16
1546,1.0,45,16
1547,1.0,45,16
1548,1.0,105,16
1549,1.0,165,20
1550,1.0,230,20
1551,1.0,30,16
1552,1.0,40,16
1553,1.0,50,16
1554,1.0,80,16
1555,1.0,471,21
1556,1.0,190,16
1557,1.0,95,16
1558,1.0,110,16
1559,1.0,185,20
1560,1.0,35,16
1561,1.0,170,16
1562,1.0,110,16
1563,1.0,65,16
1564,1.0,215,20
1565,1.0,85,16
1566,1.0,60,16
1567,1.0,220,20
1568,1.0,130,16
1569,1.0,287,21
1570,1.0,205,20
1571,1.0,30,16
1572,1.0,100,16
1573,1.0,105,16
1574,1.0,190,20
1575,1.0,55,16
1576,1.0,728,25
1577,1.0,140,16
1578,1.0,90,16
1579,1.0,95,16
1580,1.0,120,16
1581,1.0,115,16
1582,1.0,90,16
1583,1.0,215,20
1584,1.0,60,16
1585,1.0,120,16
1586,1.0,80,16
1587,1.0,85,16
1588,1.0,469,25
1589,1.0,100,16
1590,1.0,718,28
1591,1.0,70,16
1592,1.0,190,16
1593,1.0,628,25
1594,1.0,60,16
1595,1.0,65,16
1596,1.0,411,25
1597,1.0,155,16
1598,1.0,70,16
1599,1.0,150,16
1600,1.0,15,16
1601,1.0,115,16
1602,1.0,115,16
1603,1.0,35,16
1604,1.0,230,20
1605,1.0,165,16
1606,1.0,35,16
1607,1.0,105,16
1608,1.0,80,16
1609,1.0,125,16
1610,1.0,110,16
1611,1.0,45,16
1612,1.0,50,16
1613,1.0,50,16
1614,1.0,185,16
1615,1.0,75,16
1616,1.0,533,21
1617,1.0,145,16
1618,1.0,215,20
1619,1.0,60,16
1620,1.0,200,16
1621,1.0,65,16
1622,1.0,75,16
1623,1.0,591,21
1624,1.0,40,16
1625,1.0,90,16
1626,1.0,40,16
1627,1.0,60,16
1628,1.0,150,16
1629,1.0,105,16
1630,1.0,60,16
1631,1.0,1856,42
1632,1.0,105,16
1633,1.0,135,16
1634,1.0,486,25
1635,1.0,105,16
1636,1.0,80,16
1637,1.0,115,16
1638,1.0,200,20
1639,1.0,75,16
1640,1.0,884,22
1641,1.0,105,16
1642,1.0,105,16
1643,1.0,556,25
1644,1.0,125,16
1645,1.0,35,16
1646,1.0,105,16
1647,1.0,1488,38
1648,1.0,75,16
1649,1.0,85,16
1650,1.0,130,16
1651,1.0,60,16
1652,1.0,90,16
1653,1.0,45,16
1654,1.0,70,16
1655,1.0,160,16
1656,1.0,90,16
1657,1.0,245,20
1658,1.0,55,16
1659,1.0,100,16
1660,1.0,75,16
1661,1.0,95,16
1662,1.0,165,16
1663,1.0,80,16
1664,1.0,85,16
1665,1.0,50,16
1666,1.0,110,16
1667,1.0,150,16
1668,1.0,641,27
1669,1.0,105,16
1670,1.0,85,16
1671,1.0,120,16
1672,1.0,90,16
1673,1.0,45,16
1674,1.0,140,16
1675,1.0,65,16
1676,1.0,130,16
1677,1.0,50,16
1678,1.0,60,16
1679,1.0,564,25
1680,1.0,150,16
1681,1.0,55,16
1682,1.0,105,16
1683,1.0,390,21
1684,1.0,90,16
1685,1.0,609,25
1686,1.0,135,16
1687,1.0,225,20
1688,1.0,185,16
1689,1.0,70,16
1690,1.0,135,16
1691,1.0,80,16
1692,1.0,421,21
1693,1.0,135,16
1694,1.0,20,16
1695,1.0,185,16
1696,1.0,511,25
1697,1.0,35,16
1698,1.0,50,16
1699,1.0,85,16
1700,1.0,125,16
1701,1.0,90,16
1702,1.0,180,16
1703,1.0,994,29
1704,1.0,100,16
1705,1.0,120,16
1706,1.0,75,16
1707,1.0,30,16
1708,1.0,105,16
1709,1.0,160,16
1710,1.0,105,16
1711,1.0,130,16
1712,1.0,546,21
1713,1.0,80,16
1714,1.0,55,16
1715,1.0,155,16
1716,1.0,60,16
1717,1.0,563,25
1718,1.0,210,20
1719,1.0,105,16
1720,1.0,574,29
1721,1.0,85,16
1722,1.0,60,16
1723,1.0,210,20
1724,1.0,240,20
1725,1.0,80,16
1726,1.0,120,16
1727,1.0,240,16
1728,1.0,60,16
1729,1.0,95,16
1730,1.0,145,16
1731,1.0,160,16
1732,1.0,120,16
1733,1.0,1257,30
1734,1.0,145,16
1735,1.0,40,16
1736,1.0,105,16
1737,1.0,35,16
1738,1.0,190,20
1739,1.0,45,16
1740,1.0,359,21
1741,1.0,140,16
1742,1.0,30,16
1743,1.0,80,16
1744,1.0,110,16
1745,1.0,90,16
1746,1.0,100,16
1747,1.0,150,16
1748,1.0,75,16
1749,1.0,523,21
1750,1.0,424,25
1751,1.0,406,21
1752,1.0,65,16
1753,1.0,55,16
1754,1.0,140,16
1755,1.0,205,20
1756,1.0,80,16
1757,1.0,220,20
1758,1.0,696,29
1759,1.0,135,16
1760,1.0,1257,41
1761,1.0,120,16
1762,1.0,70,16
1763,1.0,110,16
1764,1.0,55,16
1765,1.0,245,20
1766,1.0,195,20
1767,1.0,180,20
1768,1.0,130,16
1769,1.0,150,16
1770,1.0,40,16
1771,1.0,210,20
1772,1.0,45,16
1773,1.0,695,21
1774,1.0,694,25
1775,1.0,130,16
1776,1.0,55,16
1777,1.0,130,16
1778,1.0,135,16
1779,1.0,1276,32
1780,1.0,140,16
1781,1.0,165,20
1782,1.0,65,16
1783,1.0,313,21
1784,1.0,50,16
1785,1.0,105,16
1786,1.0,110,16
1787,1.0,1249,38
1788,1.0,120,16
1789,1.0,45,16
1790,1.0,578,25
1791,1.0,160,16
1792,1.0,130,16
1793,1.0,40,16
1794,1.0,185,16
1795,1.0,60,16
1796,1.0,809,32
1797,1.0,110,16
1798,1.0,45,16
1799,1.0,80,16
1800,1.0,105,16
1801,1.0,120,16
1802,1.0,180,16
1803,1.0,90,16
1804,1.0,225,20
1805,1.0,80,16
1806,1.0,135,16
1807,1.0,140,16
1808,1.0,130,16
1809,1.0,145,16
1810,1.0,120,16
1811,1.0,95,16
1812,1.0,95,16
1813,1.0,130,16
1814,1.0,110,16
1815,1.0,50,16
1816,1.0,135,16
1817,1.0,40,16
1818,1.0,75,16
1819,1.0,180,16
1820,1.0,165,16
1821,1.0,180,16
1822,1.0,120,16
1823,1.0,80,16
1824,1.0,95,16
1825,1.0,210,16
1826,1.0,110,16
1827,1.0,75,16
1828,1.0,1435,36
1829,1.0,65,16
1830,1.0,60,16
1831,1.0,80,16
1832,1.0,100,16
1833,1.0,55,16
1834,1.0,365,21
1835,1.0,90,16
1836,1.0,75,16
1837,1.0,130,16
1838,1.0,145,16
1839,1.0,462,25
1840,1.0,160,16
1841,1.0,60,16
1842,1.0,80,16
1843,1.0,65,16
1844,1.0,55,16
1845,1.0,90,16
1846,1.0,60,16
1847,1.0,634,29
1848,1.0,90,16
1849,1.0,55,16
1850,1.0,180,20
1851,1.0,65,16
1852,1.0,95,16
1853,1.0,95,16
1854,1.0,75,16
1855,1.0,130,16
1856,1.0,30,16
1857,1.0,721,27
1858,1.0,75,16
1859,1.0,40,16
1860,1.0,100,16
1861,1.0,65,16
1862,1.0,561,25
1863,1.0,140,16
1864,1.0,105,16
1865,1.0,689,27
1866,1.0,205,20
1867,1.0,441,25
1868,1.0,210,20
1869,1.0,225,20
1870,1.0,510,25
1871,1.0,25,16
1872,1.0,35,16
1873,1.0,105,16
1874,1.0,90,16
1875,1.0,90,16
1876,1.0,80,16
1877,1.0,583,31
1878,1.0,75,16
1879,1.0,643,31
1880,1.0,185,16
1881,1.0,45,16
1882,1.0,869,29
1883,1.0,734,27
1884,1.0,125,16
1885,1.0,200,20
1886,1.0,115,16
1887,1.0,60,16
1888,1.0,571,29
1889,1.0,554,29
1890,1.0,100,16
1891,1.0,55,16
1892,1.0,185,16
1893,1.0,125,16
1894,1.0,240,20
1895,1.0,85,16
1896,1.0,55,16
1897,1.0,90,16
1898,1.0,65,16
1899,1.0,135,16
1900,1.0,95,16
1901,1.0,175,20
1902,1.0,225,20
1903,1.0,50,16
1904,1.0,450,25
1905,1.0,100,16
1906,1.0,533,25
1907,1.0,430,21
1908,1.0,210,20
1909,1.0,205,16
1910,1.0,60,16
1911,1.0,438,21
1912,1.0,40,16
1913,1.0,60,16
1914,1.0,100,16
1915,1.0,75,16
1916,1.0,100,16
1917,1.0,557,21
1918,1.0,90,16
1919,1.0,120,16
1920,1.0,85,16
1921,1.0,95,16
1922,1.0,95,16
1923,1.0,45,16
1924,1.0,45,16
1925,1.0,205,20
1926,1.0,175,16
1927,1.0,175,16
1928,1.0,85,16
1929,1.0,110,16
1930,1.0,479,25
1931,1.0,125,16
1932,1.0,140,16
1933,1.0,85,16
1934,1.0,2683,56
1935,1.0,150,16
1936,1.0,70,16
1937,1.0,195,16
1938,1.0,85,16
1939,1.0,942,36
1940,1.0,180,20
1941,1.0,60,16
1942,1.0,35,16
1943,1.0,125,16
1944,1.0,376,21
1945,1.0,95,16
1946,1.0,180,20
1947,1.0,45,16
1948,1.0,549,25
1949,1.0,50,16
1950,1.0,701,27
1951,1.0,70,16
1952,1.0,80,16
1953,1.0,396,21
1954,1.0,130,16
1955,1.0,95,16
1956,1.0,80,16
1957,1.0,478,25
1958,1.0,100,16
1959,1.0,50,16
1960,1.0,540,25
1961,1.0,80,16
1962,1.0,70,16
1963,1.0,155,16
1964,1.0,45,16
1965,1.0,60,16
1966,1.0,105,16
1967,1.0,65,16
1968,1.0,85,16
1969,1.0,190,16
1970,1.0,55,16
1971,1.0,65,16
1972,1.0,95,16
1973,1.0,60,16
1974,1.0,170,16
1975,1.0,105,16
1976,1.0,100,16
1977,1.0,632,29
1978,1.0,100,16
1979,1.0,150,16
1980,1.0,125,16
1981,1.0,215,20
1982,1.0,105,16
1983,1.0,40,16
1984,1.0,100,16
1985,1.0,100,16
1986,1.0,85,16
1987,1.0,200,20
1988,1.0,155,16
1989,1.0,70,16
1990,1.0,20,16
1991,1.0,60,16
1992,1.0,60,16
1993,1.0,831,27
1994,1.0,100,16
1995,1.0,130,16
1996,1.0,50,16
1997,1.0,95,16
1998,1.0,666,25
1999,1.0,60,16
2000,1.0,125,16
2001,1.0,85,16
2002,1.0,75,16
2003,1.0,95,16
2004,1.0,644,25
2005,1.0,75,16
2006,1.0,499,29
2007,1.0,70,16
2008,1.0,235,20
2009,1.0,65,16
2010,1.0,95,16
2011,1.0,699,28
2012,1.0,35,16
2013,1.0,65,16
2014,1.0,205,16
2015,1.0,60,16
2016,1.0,85,16
2017,1.0,150,16
2018,1.0,453,21
2019,1.0,60,16
2020,1.0,498,25
2021,1.0,120,16
2022,1.0,698,27
2023,1.0,95,16
2024,1.0,195,16
2025,1.0,440,25
2026,1.0,75,16
2027,1.0,45,16
2028,1.0,55,16
2029,1.0,170,20
2030,1.0,70,16
2031,1.0,55,16
2032,1.0,501,25
2033,1.0,225,20
2034,1.0,75,16
2035,1.0,155,16
2036,1.0,60,16
2037,1.0,616,27
2038,1.0,85,16
2039,1.0,210,20
2040,1.0,70,16
2041,1.0,145,16
2042,1.0,85,16
2043,1.0,549,25
2044,1.0,145,16
2045,1.0,115,16
2046,1.0,55,16
2047,1.0,80,16
2048,1.0,100,16
2049,1.0,160,20
2050,1.0,90,16
2051,1.0,110,16
2052,1.0,65,16
2053,1.0,130,16
2054,1.0,210,20
2055,1.0,90,16
2056,1.0,130,16
2057,1.0,30,16
2058,1.0,90,16
2059,1.0,95,16
2060,1.0,75,16
2061,1.0,55,16
2062,1.0,60,16
2063,1.0,609,25
2064,1.0,100,16
2065,1.0,45,16
2066,1.0,75,16
2067,1.0,85,16
2068,1.0,220,20
2069,1.0,80,16
2070,1.0,130,16
2071,1.0,85,16
2072,1.0,170,20
2073,1.0,120,16
2074,1.0,498,21
2075,1.0,190,16
2076,1.0,130,16
2077,1.0,175,20
2078,1.0,85,16
2079,1.0,673,27
2080,1.0,389,17
2081,1.0,45,16
2082,1.0,386,21
2083,1.0,95,16
2084,1.0,155,16
2085,1.0,60,16
2086,1.0,677,23
2087,1.0,70,16
2088,1.0,55,16
2089,1.0,120,16
2090,1.0,393,17
2091,1.0,245,20
2092,1.0,240,16
2093,1.0,35,16
2094,1.0,45,16
2095,1.0,115,16
2096,1.0,135,16
2097,1.0,180,20
2098,1.0,588,29
2099,1.0,65,16
2100,1.0,55,16
2101,1.0,85,16
2102,1.0,200,20
2103,1.0,140,16
2104,1.0,65,16
2105,1.0,130,16
2106,1.0,110,16
2107,1.0,65,16
2108,1.0,100,16
2109,1.0,70,16
2110,1.0,50,16
2111,1.0,75,16
2112,1.0,135,16
2113,1.0,80,16
2114,1.0,70,16
2115,1.0,55,16
2116,1.0,80,16
2117,1.0,458,25
2118,1.0,120,16
2119,1.0,45,16
2120,1.0,55,16
2121,1.0,498,21
2122,1.0,125,16
2123,1.0,115,16
2124,1.0,45,16
2125,1.0,45,16
2126,1.0,100,16
2127,1.0,105,16
2128,1.0,205,20
2129,1.0,120,16
2130,1.0,55,16
2131,1.0,65,16
2132,1.0,60,16
2133,1.0,60,16
2134,1.0,145,16
2135,1.0,70,16
2136,1.0,55,16
2137,1.0,45,16
2138,1.0,120,16
2139,1.0,50,16
2140,1.0,714,31
2141,1.0,60,16
2142,1.0,80,16
2143,1.0,461,17
2144,1.0,55,16
2145,1.0,160,16
2146,1.0,125,16
2147,1.0,65,16
2148,1.0,70,16
2149,1.0,195,20
2150,1.0,70,16
2151,1.0,40,16
2152,1.0,135,16
2153,1.0,95,16
2154,1.0,674,29
2155,1.0,160,20
2156,1.0,210,16
2157,1.0,469,25
2158,1.0,120,16
2159,1.0,165,20
2160,1.0,45,16
2161,1.0,80,16
2162,1.0,175,16
2163,1.0,90,16
2164,1.0,225,16
2165,1.0,35,16
2166,1.0,80,16
2167,1.0,860,28
2168,1.0,25,16
2169,1.0,75,16
2170,1.0,85,16
2171,1.0,95,16
2172,1.0,65,16
2173,1.0,50,16
2174,1.0,45,16
2175,1.0,60,16
2176,1.0,190,20
2177,1.0,155,16
2178,1.0,598,25
2179,1.0,100,16
2180,1.0,413,21
2181,1.0,105,16
2182,1.0,130,16
2183,1.0,95,16
2184,1.0,245,20
2185,1.0,90,16
2186,1.0,90,16
2187,1.0,60,16
2188,1.0,45,16
2189,1.0,135,16
2190,1.0,384,21
2191,1.0,548,25
2192,1.0,60,16
2193,1.0,125,16
2194,1.0,531,29
2195,1.0,70,16
2196,1.0,65,16
2197,1.0,95,16
2198,1.0,40,16
2199,1.0,110,16
2200,1.0,50,16
2201,1.0,70,16
2202,1.0,110,16
2203,1.0,25,16
2204,1.0,75,16
2205,1.0,80,16
2206,1.0,50,16
2207,1.0,130,16
2208,1.0,150,20
2209,1.0,165,16
2210,1.0,115,16
2211,1.0,85,16
2212,1.0,65,16
2213,1.0,85,16
2214,1.0,25,16
2215,1.0,45,16
2216,1.0,80,16
2217,1.0,130,16
2218,1.0,693,29
2219,1.0,50,16
2220,1.0,391,21
2221,1.0,70,16
2222,1.0,65,16
2223,1.0,50,16
2224,1.0,75,16
2225,1.0,65,16
2226,1.0,195,20
2227,1.0,110,16
2228,1.0,543,29
2229,1.0,75,16
2230,1.0,140,16
2231,1.0,65,16
2232,1.0,90,16
2233,1.0,60,16
2234,1.0,100,16
2235,1.0,521,29
2236,1.0,65,16
2237,1.0,100,16
2238,1.0,55,16
2239,1.0,60,16
2240,1.0,60,16
2241,1.0,411,25
2242,1.0,60,16
2243,1.0,95,16
2244,1.0,60,16
2245,1.0,135,16
2246,1.0,160,16
2247,1.0,65,16
2248,1.0,235,20
2249,1.0,445,21
2250,1.0,200,20
2251,1.0,368,21
2252,1.0,110,16
2253,1.0,70,16
2254,1.0,50,16
2255,1.0,75,16
2256,1.0,80,16
2257,1.0,100,16
2258,1.0,85,16
2259,1.0,120,16
2260,1.0,190,20
2261,1.0,65,16
2262,1.0,454,25
2263,1.0,1687,42
2264,1.0,50,16
2265,1.0,155,16
2266,1.0,105,16
2267,1.0,70,16
2268,1.0,50,16
2269,1.0,215,20
2270,1.0,115,16
2271,1.0,55,16
2272,1.0,479,25
2273,1.0,180,20
2274,1.0,25,16
2275,1.0,55,16
2276,1.0,50,16
2277,1.0,180,16
2278,1.0,160,16
2279,1.0,55,16
2280,1.0,50,16
2281,1.0,125,16
2282,1.0,60,16
2283,1.0,140,16
2284,1.0,160,16
2285,1.0,75,16
2286,1.0,205,20
2287,1.0,130,16
2288,1.0,165,20
2289,1.0,115,16
2290,1.0,165,16
2291,1.0,558,25
2292,1.0,85,16
2293,1.0,110,16
2294,1.0,185,20
2295,1.0,85,16
2296,1.0,70,16
2297,1.0,110,16
2298,1.0,80,16
2299,1.0,120,16
2300,1.0,120,16
2301,1.0,135,16
2302,1.0,105,16
2303,1.0,90,16
2304,1.0,449,25
2305,1.0,180,16
2306,1.0,140,16
2307,1.0,135,16
2308,1.0,240,20
2309,1.0,125,16
2310,1.0,70,16
2311,1.0,55,16
2312,1.0,115,16
2313,1.0,130,16
2314,1.0,150,16
2315,1.0,180,16
2316,1.0,125,16
2317,1.0,40,16
2318,1.0,145,16
2319,1.0,369,21
2320,1.0,135,16
2321,1.0,60,16
2322,1.0,135,16
2323,1.0,70,16
2324,1.0,90,16
2325,1.0,740,27
2326,1.0,573,25
2327,1.0,105,16
2328,1.0,549,25
2329,1.0,510,21
2330,1.0,100,16
2331,1.0,150,20
2332,1.0,85,16
2333,1.0,50,16
2334,1.0,55,16
2335,1.0,55,16
2336,1.0,110,16
2337,1.0,402,21
2338,1.0,245,20
2339,1.0,60,16
2340,1.0,70,16
2341,1.0,65,16
2342,1.0,1821,44
2343,1.0,95,16
2344,1.0,115,16
2345,1.0,110,16
2346,1.0,165,16
2347,1.0,125,20
2348,1.0,140,16
2349,1.0,240,16
2350,1.0,70,16
2351,1.0,105,16
2352,1.0,220,20
2353,1.0,90,16
2354,1.0,205,20
2355,1.0,90,16
2356,1.0,1334,38
2357,1.0,80,16
2358,1.0,115,16
2359,1.0,225,20
2360,1.0,45,16
2361,1.0,429,25
2362,1.0,50,16
2363,1.0,75,16
2364,1.0,80,16
2365,1.0,496,21
2366,1.0,55,16
2367,1.0,90,16
2368,1.0,70,16
2369,1.0,115,16
2370,1.0,205,16
2371,1.0,45,16
2372,1.0,462,25
2373,1.0,105,16
2374,1.0,45,16
2375,1.0,105,16
2376,1.0,95,16
2377,1.0,105,16
2378,1.0,35,16
2379,1.0,90,16
2380,1.0,180,16
2381,1.0,70,16
2382,1.0,130,16
2383,1.0,155,16
2384,1.0,85,16
2385,1.0,811,28
2386,1.0,35,16
2387,1.0,90,16
2388,1.0,519,25
2389,1.0,75,16
2390,1.0,155,16
2391,1.0,210,20
2392,1.0,60,16
2393,1.0,353,21
2394,1.0,769,27
2395,1.0,105,16
2396,1.0,110,16
2397,1.0,105,16
2398,1.0,130,16
2399,1.0,65,16
2400,1.0,50,16
2401,1.0,190,20
2402,1.0,70,16
2403,1.0,75,16
2404,1.0,105,16
2405,1.0,60,16
2406,1.0,100,16
2407,1.0,100,16
2408,1.0,130,16
2409,1.0,115,16
2410,1.0,85,16
2411,1.0,95,16
2412,1.0,50,16
2413,1.0,518,25
2414,1.0,75,16
2415,1.0,210,20
2416,1.0,65,16
2417,1.0,55,16
2418,1.0,60,16
2419,1.0,105,16
2420,1.0,100,16
2421,1.0,225,20
2422,1.0,60,16
2423,1.0,210,16
2424,1.0,95,16
2425,1.0,60,16
2426,1.0,85,16
2427,1.0,436,25
2428,1.0,130,16
2429,1.0,50,16
2430,1.0,80,16
2431,1.0,25,16
2432,1.0,100,16
2433,1.0,85,16
2434,1.0,120,16
2435,1.0,40,16
2436,1.0,175,16
2437,1.0,245,20
2438,1.0,40,16
2439,1.0,70,16
2440,1.0,333,21
2441,1.0,65,16
2442,1.0,215,20
2443,1.0,40,16
2444,1.0,150,16
2445,1.0,65,16
2446,1.0,190,16
2447,1.0,416,21
2448,1.0,110,16
2449,1.0,80,16
2450,1.0,200,16
2451,1.0,576,21
2452,1.0,195,16
2453,1.0,55,16
2454,1.0,90,16
2455,1.0,441,25
2456,1.0,155,20
2457,1.0,1678,38
2458,1.0,50,16
2459,1.0,1348,45
2460,1.0,135,16
2461,1.0,35,16
2462,1.0,65,16
2463,1.0,45,16
2464,1.0,140,16
2465,1.0,60,16
2466,1.0,80,16
2467,1.0,105,16
2468,1.0,75,16
2469,1.0,195,20
2470,1.0,75,16
2471,1.0,65,16
2472,1.0,549,25
2473,1.0,130,16
2474,1.0,40,16
2475,1.0,578,25
2476,1.0,80,16
2477,1.0,230,16
2478,1.0,220,20
2479,1.0,80,16
2480,1.0,40,16
2481,1.0,80,16
2482,1.0,60,16
2483,1.0,621,25
2484,1.0,20,16
2485,1.0,125,16
2486,1.0,120,16
2487,1.0,90,16
2488,1.0,105,16
2489,1.0,494,25
2490,1.0,349,21
2491,1.0,190,20
2492,1.0,60,16
2493,1.0,90,16
2494,1.0,60,16
2495,1.0,70,16
2496,1.0,95,16
2497,1.0,95,16
2498,1.0,55,16
2499,1.0,150,16
2500,1.0,115,16
2501,1.0,80,16
2502,1.0,396,25
2503,1.0,120,16
2504,1.0,115,16
2505,1.0,80,16
2506,1.0,140,16
2507,1.0,90,16
2508,1.0,55,16
2509,1.0,135,16
2510,1.0,371,21
2511,1.0,1573,38
2512,1.0,35,16
2513,1.0,150,16
2514,1.0,240,20
2515,1.0,115,16
2516,1.0,110,16
2517,1.0,165,16
2518,1.0,85,16
2519,1.0,130,16
2520,1.0,60,16
2521,1.0,80,16
2522,1.0,70,16
2523,1.0,105,16
2524,1.0,65,16
2525,1.0,1229,38
2526,1.0,205,16
2527,1.0,125,16
2528,1.0,60,16
2529,1.0,25,16
2530,1.0,60,16
2531,1.0,95,16
2532,1.0,100,16
2533,1.0,55,16
2534,1.0,110,16
2535,1.0,65,16
2536,1.0,40,16
2537,1.0,85,16
2538,1.0,110,16
2539,1.0,85,16
2540,1.0,75,16
2541,1.0,85,16
2542,1.0,60,16
2543,1.0,95,16
2544,1.0,40,16
2545,1.0,85,16
2546,1.0,95,16
2547,1.0,30,16
2548,1.0,200,20
2549,1.0,205,20
2550,1.0,125,16
2551,1.0,90,16
2552,1.0,125,16
2553,1.0,65,16
2554,1.0,150,16
2555,1.0,90,16
2556,1.0,110,16
2557,1.0,240,20
2558,1.0,50,16
2559,1.0,135,16
2560,1.0,200,16
2561,1.0,200,16
2562,1.0,105,16
2563,1.0,85,16
2564,1.0,90,16
2565,1.0,195,16
2566,1.0,35,16
2567,1.0,105,16
2568,1.0,180,16
2569,1.0,721,27
2570,1.0,180,16
2571,1.0,70,16
2572,1.0,45,16
2573,1.0,95,16
2574,1.0,150,16
2575,1.0,115,16
2576,1.0,165,16
2577,1.0,115,16
2578,1.0,90,16
2579,1.0,30,16
2580,1.0,185,20
2581,1.0,436,25
2582,1.0,75,16
2583,1.0,125,16
2584,1.0,50,16
2585,1.0,80,16
2586,1.0,145,16
2587,1.0,110,16
2588,1.0,95,16
2589,1.0,220,20
2590,1.0,35,16
2591,1.0,60,16
2592,1.0,90,16
2593,1.0,100,16
2594,1.0,110,16
2595,1.0,80,16
2596,1.0,65,16
2597,1.0,75,16
2598,1.0,95,16
2599,1.0,65,16
2600,1.0,85,16
2601,1.0,115,16
2602,1.0,90,16
2603,1.0,100,16
2604,1.0,50,16
2605,1.0,90,16
2606,1.0,60,16
2607,1.0,145,16
2608,1.0,65,16
2609,1.0,378,21
2610,1.0,55,16
2611,1.0,95,16
2612,1.0,90,16
2613,1.0,160,20
2614,1.0,55,16
2615,1.0,195,20
2616,1.0,115,16
2617,1.0,200,20
2618,1.0,140,16
2619,1.0,115,16
2620,1.0,105,16
2621,1.0,35,16
2622,1.0,80,16
2623,1.0,1034,30
2624,1.0,75,16
2625,1.0,65,16
2626,1.0,55,16
2627,1.0,185,20
2628,1.0,140,16
2629,1.0,1197,34
2630,1.0,710,27
2631,1.0,50,16
2632,1.0,85,16
2633,1.0,140,16
2634,1.0,175,16
2635,1.0,50,16
2636,1.0,40,16
2637,1.0,785,29
2638,1.0,80,16
2639,1.0,110,16
2640,1.0,40,16
2641,1.0,135,16
2642,1.0,65,16
2643,1.0,160,16
2644,1.0,60,16
2645,1.0,185,16
2646,1.0,75,16
2647,1.0,105,16
2648,1.0,60,16
2649,1.0,140,16
2650,1.0,210,20
2651,1.0,626,25
2652,1.0,80,16
2653,1.0,135,16
2654,1.0,631,29
2655,1.0,40,16
2656,1.0,60,16
2657,1.0,403,21
2658,1.0,200,20
2659,1.0,80,16
2660,1.0,110,16
2661,1.0,65,16
2662,1.0,75,16
2663,1.0,85,16
2664,1.0,85,16
2665,1.0,477,25
2666,1.0,115,16
2667,1.0,210,20
2668,1.0,100,16
2669,1.0,110,16
2670,1.0,638,25
2671,1.0,45,16
2672,1.0,105,16
2673,1.0,100,16
2674,1.0,210,20
2675,1.0,75,16
2676,1.0,100,16
2677,1.0,60,16
2678,1.0,130,16
2679,1.0,40,16
2680,1.0,75,16
2681,1.0,150,20
2682,1.0,717,33
2683,1.0,40,16
2684,1.0,125,16
2685,1.0,30,16
2686,1.0,65,16
2687,1.0,55,16
2688,1.0,50,16
2689,1.0,65,16
2690,1.0,180,16
2691,1.0,65,16
2692,1.0,45,16
2693,1.0,105,16
2694,1.0,110,16
2695,1.0,85,16
2696,1.0,80,16
2697,1.0,40,16
2698,1.0,80,16
2699,1.0,155,16
2700,1.0,568,25
2701,1.0,55,16
2702,1.0,40,16
2703,1.0,65,16
2704,1.0,90,16
2705,1.0,210,16
2706,1.0,145,16
2707,1.0,100,16
2708,1.0,521,25
2709,1.0,90,16
2710,1.0,205,20
2711,1.0,90,16
2712,1.0,100,16
2713,1.0,140,16
2714,1.0,1291,44
2715,1.0,55,16
2716,1.0,125,16
2717,1.0,75,16
2718,1.0,80,16
2719,1.0,55,16
2720,1.0,40,16
2721,1.0,125,16
2722,1.0,65,16
2723,1.0,1167,34
2724,1.0,35,16
2725,1.0,70,16
2726,1.0,120,16
2727,1.0,60,16
2728,1.0,100,16
2729,1.0,120,16
2730,1.0,150,16
2731,1.0,245,20
2732,1.0,50,16
2733,1.0,55,16
2734,1.0,165,20
2735,1.0,100,16
2736,1.0,60,16
2737,1.0,90,16
2738,1.0,60,16
2739,1.0,160,16
2740,1.0,388,21
2741,1.0,155,20
2742,1.0,160,20
2743,1.0,175,16
2744,1.0,95,16
2745,1.0,165,16
2746,1.0,75,16
2747,1.0,105,16
2748,1.0,120,16
2749,1.0,180,20
2750,1.0,90,16
2751,1.0,70,16
2752,1.0,160,20
2753,1.0,65,16
2754,1.0,1874,47
2755,1.0,195,20
2756,1.0,95,16
2757,1.0,45,16
2758,1.0,1173,32
2759,1.0,75,16
2760,1.0,210,16
2761,1.0,25,16
2762,1.0,50,16
2763,1.0,50,16
2764,1.0,170,20
2765,1.0,170,20
2766,1.0,40,16
2767,1.0,65,16
2768,1.0,135,16
2769,1.0,80,16
2770,1.0,333,21
2771,1.0,45,16
2772,1.0,105,16
2773,1.0,135,16
2774,1.0,85,16
2775,1.0,130,16
2776,1.0,80,16
2777,1.0,65,16
2778,1.0,65,16
2779,1.0,115,16
2780,1.0,100,16
2781,1.0,120,16
2782,1.0,85,16
2783,1.0,75,16
2784,1.0,483,25
2785,1.0,135,16
2786,1.0,215,20
2787,1.0,80,16
2788,1.0,70,16
2789,1.0,65,16
2790,1.0,90,16
2791,1.0,70,16
2792,1.0,95,16
2793,1.0,80,16
2794,1.0,65,16
2795,1.0,45,16
2796,1.0,195,16
2797,1.0,85,16
2798,1.0,60,16
2799,1.0,130,16
2800,1.0,528,25
2801,1.0,65,16
2802,1.0,115,16
2803,1.0,165,20
2804,1.0,120,16
2805,1.0,75,16
2806,1.0,55,16
2807,1.0,150,16
2808,1.0,105,16
2809,1.0,45,16
2810,1.0,40,16
2811,0.9998805999999996,1033,36
2812,0.9998169199999993,55,16
2813,0.9997532399999991,155,16
2814,0.9996895599999989,115,16
2815,0.9996258799999986,135,16
2816,0.9995621999999984,55,16
2817,0.9994985199999982,85,16
2818,0.9994348399999979,95,16
2819,0.9993711599999977,20,16
2820,0.9993074799999975,110,16
2821,0.9992437999999972,50,16
2822,0.999180119999997,100,16
2823,0.9991164399999968,110,16
2824,0.9990368399999965,175,20
2825,0.9989731599999963,85,16
2826,0.998909479999996,105,16
2827,0.9988457999999958,55,16
2828,0.9987821199999956,80,16
2829,0.9987184399999953,80,16
2830,0.9986547599999951,145,16
2831,0.9985910799999949,95,16
2832,0.9985273999999946,115,16
2833,0.9984637199999944,65,16
2834,0.998364219999994,489,25
2835,0.9983005399999938,90,16
2836,0.9982368599999936,135,16
2837,0.9981731799999933,140,16
2838,0.9981094999999931,40,16
2839,0.9980458199999929,60,16
2840,0.9979821399999926,70,16
2841,0.9979184599999924,155,16
2842,0.9978547799999922,245,16
2843,0.9977751799999919,160,20
2844,0.9977114999999916,245,16
2845,0.9976478199999914,30,16
2846,0.997528419999991,1223,30
2847,0.9974647399999907,55,16
2848,0.9974010599999905,25,16
2849,0.9973373799999903,110,16
2850,0.99727369999999,80,16
2851,0.9971901199999897,419,21
2852,0.9971264399999895,75,16
2853,0.9970627599999893,80,16
2854,0.996983159999989,190,20
2855,0.9969035599999887,195,20
2856,0.9968398799999885,110,16
2857,0.9967761999999882,90,16
2858,0.996712519999988,55,16
2859,0.9966488399999878,55,16
2860,0.9965851599999875,25,16
2861,0.9965214799999873,70,16
2862,0.9964577999999871,35,16
2863,0.9963941199999868,55,16
2864,0.9963304399999866,70,16
2865,0.9962667599999864,25,16
2866,0.9962030799999861,200,16
2867,0.9961393999999859,150,16
2868,0.9960239799999855,861,29
2869,0.9959602999999853,70,16
2870,0.995896619999985,150,16
2871,0.9958329399999848,40,16
2872,0.9957692599999846,60,16
2873,0.9957055799999843,210,16
2874,0.9956418999999841,155,16
2875,0.9955622999999838,200,20
2876,0.9954986199999836,90,16
2877,0.9954349399999833,65,16
2878,0.9953712599999831,95,16
2879,0.9953075799999829,65,16
2880,0.9952438999999826,135,16
2881,0.9951802199999824,100,16
2882,0.9951165399999822,125,16
2883,0.9950369399999819,190,20
2884,0.9949732599999817,120,16
2885,0.994794159999981,1738,45
2886,0.9947304799999808,35,16
2887,0.9946667999999805,75,16
2888,0.9945672999999802,466,25
2889,0.9945036199999799,90,16
2890,0.9944399399999797,45,16
2891,0.9943762599999795,70,16
2892,0.9943125799999792,30,16
2893,0.994248899999979,115,16
2894,0.9941692999999787,175,20
2895,0.9941056199999785,35,16
2896,0.9940419399999783,85,16
2897,0.993978259999978,195,16
2898,0.9939145799999778,175,16
2899,0.9938508999999776,85,16
2900,0.9937712999999773,215,20
2901,0.993707619999977,65,16
2902,0.9935921999999766,716,29
2903,0.9935285199999764,30,16
2904,0.9934489199999761,185,20
2905,0.9933693199999758,245,20
2906,0.9933056399999756,35,16
2907,0.9932419599999753,120,16
2908,0.9930827599999748,1560,40
2909,0.9930190799999745,60,16
2910,0.9929394799999742,155,20
2911,0.992875799999974,60,16
2912,0.9928121199999738,70,16
2913,0.9927484399999735,70,16
2914,0.9926489399999732,501,25
2915,0.9925852599999729,115,16
2916,0.9925215799999727,50,16
2917,0.9924578999999725,95,16
2918,0.9923942199999722,50,16
2919,0.992330539999972,50,16
2920,0.9922668599999718,195,16
2921,0.9921474599999713,883,30
2922,0.9920837799999711,50,16
2923,0.9920200999999709,110,16
2924,0.9919564199999706,65,16
2925,0.9918927399999704,80,16
2926,0.9918290599999702,80,16
2927,0.9917653799999699,55,16
2928,0.9917016999999697,130,16
2929,0.9916380199999695,80,16
2930,0.9915743399999692,55,16
2931,0.991510659999969,65,16
2932,0.9914469799999688,85,16
2933,0.9913832999999685,130,16
2934,0.9912837999999682,568,25
2935,0.991220119999968,70,16
2936,0.9911564399999677,85,16
2937,0.9910728599999674,478,21
2938,0.9910091799999672,125,16
2939,0.9908738599999667,998,34
2940,0.9908101799999665,130,16
2941,0.9907464999999662,55,16
2942,0.9906629199999659,401,21
2943,0.9905355599999655,814,32
2944,0.9904718799999652,135,16
2945,0.990408199999965,110,16
2946,0.9903445199999648,110,16
2947,0.9902808399999645,130,16
2948,0.9902171599999643,60,16
2949,0.9901534799999641,185,16
2950,0.9900897999999638,60,16
2951,0.9900261199999636,130,16
2952,0.9899465199999633,220,20
2953,0.989866919999963,180,20
2954,0.9898032399999628,70,16
2955,0.9897395599999625,220,16
2956,0.9896758799999623,40,16
2957,0.9896121999999621,140,16
2958,0.9895485199999619,100,16
2959,0.9894689199999616,230,20
2960,0.9893893199999613,155,20
2961,0.989325639999961,80,16
2962,0.9892619599999608,105,16
2963,0.9891942999999606,558,17
2964,0.9891306199999603,65,16
2965,0.9890669399999601,40,16
2966,0.9890032599999599,125,16
2967,0.9889395799999596,95,16
2968,0.9888599799999593,185,20
2969,0.9887962999999591,50,16
2970,0.9887326199999589,65,16
2971,0.9886689399999586,205,16
2972,0.9886052599999584,105,16
2973,0.9885415799999582,35,16
2974,0.9884619799999579,150,20
2975,0.9883982999999577,40,16
2976,0.9883346199999574,95,16
2977,0.9882709399999572,110,16
2978,0.988207259999957,60,16
2979,0.9881435799999567,70,16
2980,0.9880599999999564,463,21
2981,0.9879803999999561,205,20
2982,0.9879167199999559,75,16
2983,0.9878530399999557,95,16
2984,0.9877893599999554,100,16
2985,0.9877256799999552,75,16
2986,0.987661999999955,50,16
2987,0.9875823999999547,160,20
2988,0.9875187199999544,110,16
2989,0.9874550399999542,85,16
2990,0.987391359999954,80,16
2991,0.9873276799999537,100,16
2992,0.9872480799999535,230,20
2993,0.9871843999999532,145,16
2994,0.987120719999953,115,16
2995,0.9869376399999523,1634,46
2996,0.9868739599999521,90,16
2997,0.9868102799999519,130,16
2998,0.9867465999999516,115,16
2999,0.9866829199999514,85,16
3000,0.9866192399999512,85,16
3001,0.9865197399999508,428,25
3002,0.9864560599999506,90,16
3003,0.9863923799999503,75,16
3004,0.9863286999999501,65,16
3005,0.9862650199999499,65,16
3006,0.9862013399999496,65,16
3007,0.9861376599999494,65,16
3008,0.9860739799999492,80,16
3009,0.9860102999999489,120,16
3010,0.9859466199999487,140,16
3011,0.9858829399999485,210,16
3012,0.9858192599999482,55,16
3013,0.985755579999948,95,16
3014,0.9856918999999478,75,16
3015,0.9856282199999475,95,16
3016,0.9855645399999473,190,16
3017,0.9855008599999471,40,16
3018,0.9854212599999468,195,20
3019,0.9853416599999465,165,20
3020,0.9852779799999463,75,16
3021,0.985214299999946,105,16
3022,0.9851506199999458,75,16
3023,0.9850710199999455,205,20
3024,0.9850073399999453,155,16
3025,0.984943659999945,70,16
3026,0.9848043599999445,843,35
3027,0.9847406799999443,85,16
3028,0.9846769999999441,55,16
3029,0.9846133199999438,110,16
3030,0.9845496399999436,70,16
3031,0.9844660599999433,367,21
3032,0.9844023799999431,60,16
3033,0.9843386999999428,75,16
3034,0.9842750199999426,95,16
3035,0.9842113399999424,60,16
3036,0.984095919999942,713,29
3037,0.9840322399999417,50,16
3038,0.9839685599999415,75,16
3039,0.9839048799999413,75,16
3040,0.983841199999941,70,16
3041,0.9837775199999408,155,16
3042,0.9837138399999406,115,16
3043,0.9836501599999403,95,16
3044,0.98357055999994,180,20
3045,0.9835068799999398,195,16
3046,0.9834431999999396,90,16
3047,0.9833795199999393,50,16
3048,0.9833158399999391,85,16
3049,0.9832521599999389,190,16
3050,0.9831884799999386,95,16
3051,0.9831247999999384,70,16
3052,0.9830611199999382,140,16
3053,0.9829775399999379,319,21
3054,0.9829138599999376,55,16
3055,0.9827904799999372,778,31
3056,0.982726799999937,130,16
3057,0.9826631199999367,125,16
3058,0.9825994399999365,60,16
3059,0.9825357599999363,45,16
3060,0.982472079999936,80,16
3061,0.9823646199999356,748,27
3062,0.9823009399999354,25,16
3063,0.9822372599999352,115,16
3064,0.9821258199999348,673,28
3065,0.9820621399999345,75,16
3066,0.9819825399999342,160,20
3067,0.981918859999934,205,16
3068,0.9818551799999338,60,16
3069,0.9817715999999335,568,21
3070,0.9817079199999332,80,16
3071,0.981644239999933,80,16
3072,0.9815805599999328,80,16
3073,0.9815168799999325,70,16
3074,0.9814531999999323,95,16
3075,0.9813895199999321,70,16
3076,0.9813258399999318,160,16
3077,0.9812621599999316,120,16
3078,0.9811984799999314,65,16
3079,0.9811347999999311,75,16
3080,0.9810711199999309,125,16
3081,0.9810074399999307,120,16
3082,0.9809437599999304,120,16
3083,0.9808800799999302,140,16
3084,0.98081639999993,125,16
3085,0.9807527199999297,35,16
3086,0.9806890399999295,40,16
3087,0.9806253599999293,130,16
3088,0.980561679999929,60,16
3089,0.9804979999999288,165,16
3090,0.9803905399999284,793,27
3091,0.9803268599999282,105,16
3092,0.980263179999928,95,16
3093,0.9801994999999277,40,16
3094,0.9801358199999275,65,16
3095,0.9800721399999273,100,16
3096,0.980008459999927,105,16
3097,0.9799447799999268,150,16
3098,0.9798810999999266,90,16
3099,0.9798174199999263,40,16
3100,0.9797537399999261,50,16
3101,0.9796701599999258,541,21
3102,0.9796064799999256,180,16
3103,0.9795427999999253,65,16
3104,0.9794791199999251,115,16
3105,0.9794154399999249,65,16
3106,0.9793517599999246,95,16
3107,0.9792442999999242,746,27
3108,0.979180619999924,25,16
3109,0.9791169399999238,55,16
3110,0.9789736599999233,1272,36
3111,0.978909979999923,70,16
3112,0.9788462999999228,125,16
3113,0.9787826199999226,105,16
3114,0.9787189399999223,155,16
3115,0.9786552599999221,15,16
3116,0.9785915799999219,125,16
3117,0.9785278999999216,80,16
3118,0.9784642199999214,75,16
3119,0.978352779999921,793,28
3120,0.9782890999999208,70,16
3121,0.9782254199999205,85,16
3122,0.9781617399999203,50,16
3123,0.97809805999992,50,16
3124,0.9780343799999198,40,16
3125,0.9779706999999196,105,16
3126,0.9779070199999194,80,16
3127,0.9778433399999191,60,16
3128,0.9777597599999188,334,21
3129,0.9776960799999186,70,16
3130,0.9776323999999184,70,16
3131,0.9775169799999179,549,29
3132,0.9774532999999177,100,16
3133,0.9773896199999175,95,16
3134,0.9773259399999172,55,16
3135,0.977262259999917,75,16
3136,0.9771985799999168,70,16
3137,0.9771348999999165,140,16
3138,0.9770712199999163,155,16
3139,0.9770075399999161,125,16
3140,0.9769438599999158,150,16
3141,0.9768801799999156,90,16
3142,0.9768164999999154,65,16
3143,0.9767528199999151,85,16
3144,0.9766373999999147,656,29
3145,0.9765737199999145,65,16
3146,0.9765100399999143,40,16
3147,0.976446359999914,115,16
3148,0.9763826799999138,85,16
3149,0.9763030799999135,180,20
3150,0.9762393999999133,175,16
3151,0.976175719999913,95,16
3152,0.9761120399999128,135,16
3153,0.9760483599999126,95,16
3154,0.9759846799999123,155,16
3155,0.9759209999999121,85,16
3156,0.9758573199999119,115,16
3157,0.9757936399999116,45,16
3158,0.9757299599999114,90,16
3159,0.9756662799999112,130,16
3160,0.9755667799999108,456,25
3161,0.9755030999999106,110,16
3162,0.9754234999999103,180,20
3163,0.9753598199999101,55,16
3164,0.9752961399999098,65,16
3165,0.9752165399999095,220,20
3166,0.9751528599999093,65,16
3167,0.9750533599999089,728,25
3168,0.9749896799999087,50,16
3169,0.9749259999999085,150,16
3170,0.9748623199999082,110,16
3171,0.974782719999908,190,20
3172,0.9746672999999075,451,29
3173,0.9746036199999073,130,16
3174,0.974520039999907,418,21
3175,0.9744563599999068,70,16
3176,0.9743926799999065,60,16
3177,0.9743289999999063,110,16
3178,0.9742653199999061,125,16
3179,0.9742016399999058,90,16
3180,0.9741379599999056,100,16
3181,0.9740543799999053,392,21
3182,0.9739906999999051,135,16
3183,0.9739230399999048,361,17
3184,0.9738593599999046,70,16
3185,0.9737956799999044,95,16
3186,0.9737319999999041,50,16
3187,0.9736683199999039,120,16
3188,0.9736046399999037,130,16
3189,0.9735250399999034,165,20
3190,0.9734613599999031,95,16
3191,0.9733976799999029,115,16
3192,0.9733339999999027,125,16
3193,0.9732703199999024,90,16
3194,0.9732066399999022,55,16
3195,0.973142959999902,165,16
3196,0.9730792799999017,115,16
3197,0.9730155999999015,140,16
3198,0.972888239999901,1157,32
3199,0.9728046599999007,338,21
3200,0.9727210799999004,478,21
3201,0.9726573999999002,40,16
3202,0.9725937199999,75,16
3203,0.9724942199998996,489,25
3204,0.9723947199998992,553,25
3205,0.972331039999899,60,16
3206,0.9722673599998988,220,16
3207,0.9722036799998985,50,16
3208,0.9721399999998983,70,16
3209,0.9720763199998981,140,16
3210,0.9720126399998978,55,16
3211,0.9719290599998975,412,21
3212,0.9718653799998973,90,16
3213,0.9718016999998971,35,16
3214,0.9717380199998968,80,16
3215,0.9716743399998966,105,16
3216,0.9716106599998964,50,16
3217,0.9715469799998961,75,16
3218,0.9714832999998959,25,16
3219,0.9714196199998957,5,16
3220,0.9713559399998954,115,16
3221,0.9712922599998952,80,16
3222,0.971228579999895,105,16
3223,0.9711648999998947,95,16
3224,0.9711012199998945,60,16
3225,0.9710375399998943,90,16
3226,0.970973859999894,125,16
3227,0.9709101799998938,210,16
3228,0.9708464999998936,45,16
3229,0.9707828199998934,40,16
3230,0.970699239999893,371,21
3231,0.9706355599998928,40,16
3232,0.9705718799998926,120,16
3233,0.9705081999998924,85,16
3234,0.9704445199998921,185,16
3235,0.9703808399998919,175,16
3236,0.9703171599998917,75,16
3237,0.9702375599998914,220,20
3238,0.9701738799998911,160,16
3239,0.9700942799998908,165,20
3240,0.9700305999998906,60,16
3241,0.9699669199998904,60,16
3242,0.9699032399998901,55,16
3243,0.9698196599998898,413,21
3244,0.9697559799998896,50,16
3245,0.9696922999998894,75,16
3246,0.9696286199998891,75,16
3247,0.9695649399998889,50,16
3248,0.9695012599998887,220,16
3249,0.9694375799998884,120,16
3250,0.9693738999998882,100,16
3251,0.9692942999998879,165,20
3252,0.9692306199998877,130,16
3253,0.9691191799998873,1016,28
3254,0.969055499999887,35,16
3255,0.9689918199998868,100,16
3256,0.9689281399998866,75,16
3257,0.9688644599998864,50,16
3258,0.9688007799998861,145,16
3259,0.9687370999998859,65,16
3260,0.9686734199998857,90,16
3261,0.9686097399998854,70,16
3262,0.9685460599998852,100,16
3263,0.968482379999885,80,16
3264,0.9684186999998847,85,16
3265,0.9683550199998845,60,16
3266,0.9682037799998839,1464,38
3267,0.9681400999998837,45,16
3268,0.9680764199998835,60,16
3269,0.9680127399998832,50,16
3270,0.967949059999883,105,16
3271,0.9678853799998828,100,16
3272,0.9678216999998825,30,16
3273,0.9677580199998823,90,16
3274,0.9676505599998819,813,27
3275,0.9675669799998816,413,21
3276,0.9674873799998813,185,20
3277,0.9673759399998809,1016,28
3278,0.9673122599998807,105,16
3279,0.9672326599998804,175,20
3280,0.9671689799998802,145,16
3281,0.9670774399998798,511,23
3282,0.9670137599998796,60,16
3283,0.9669500799998794,150,16
3284,0.966850579999879,631,25
3285,0.9667868999998788,210,16
3286,0.9667033199998785,345,21
3287,0.9666396399998782,120,16
3288,0.966575959999878,115,16
3289,0.9665122799998778,80,16
3290,0.9664485999998775,80,16
3291,0.9663849199998773,30,16
3292,0.9663212399998771,90,16
3293,0.9662416399998768,195,20
3294,0.9661580599998765,389,21
3295,0.9660943799998762,125,16
3296,0.966030699999876,95,16
3297,0.9659670199998758,35,16
3298,0.9659033399998755,60,16
3299,0.9658237399998753,135,20
3300,0.965760059999875,50,16
3301,0.9656963799998748,55,16
3302,0.9656326999998746,60,16
3303,0.9655690199998743,45,16
3304,0.9655053399998741,65,16
3305,0.9654257399998738,225,20
3306,0.9653620599998736,120,16
3307,0.9652983799998733,25,16
3308,0.9651391799998728,1919,40
3309,0.9650754999998725,45,16
3310,0.9650118199998723,60,16
3311,0.9648963999998719,701,29
3312,0.9648167999998716,225,20
3313,0.9647531199998713,75,16
3314,0.9646894399998711,125,16
3315,0.9646257599998709,100,16
3316,0.9645461599998706,225,20
3317,0.9644824799998704,85,16
3318,0.9644187999998701,140,16
3319,0.9643391999998698,185,20
3320,0.9642396999998695,636,25
3321,0.9641760199998692,70,16
3322,0.964108359999869,363,17
3323,0.9640287599998687,240,20
3324,0.9639650799998685,95,16
3325,0.9638814999998682,431,21
3326,0.9636785199998674,2370,51
3327,0.9636148399998672,30,16
3328,0.963551159999867,40,16
3329,0.9634874799998667,125,16
3330,0.9634237999998665,95,16
3331,0.9633601199998663,130,16
3332,0.963280519999866,175,20
3333,0.9632168399998657,155,16
3334,0.9631332599998654,469,21
3335,0.9630695799998652,55,16
3336,0.963005899999865,45,16
3337,0.9629422199998647,70,16
3338,0.9628785399998645,105,16
3339,0.9628148599998643,110,16
3340,0.962735259999864,235,20
3341,0.9626715799998637,85,16
3342,0.9626078999998635,85,16
3343,0.9625243199998632,496,21
3344,0.962460639999863,135,16
3345,0.9623969599998627,120,16
3346,0.9623332799998625,155,16
3347,0.9622496999998622,436,21
3348,0.962186019999862,70,16
3349,0.9621223399998617,75,16
3350,0.9620427399998615,210,20
3351,0.9619790599998612,70,16
3352,0.961915379999861,125,16
3353,0.9618516999998608,125,16
3354,0.9617521999998604,417,25
3355,0.96164473999986,836,27
3356,0.9615810599998598,70,16
3357,0.9615173799998595,70,16
3358,0.9614178799998592,614,25
3359,0.9613541999998589,50,16
3360,0.9612905199998587,165,16
3361,0.9612268399998585,150,16
3362,0.9611631599998582,100,16
3363,0.961099479999858,105,16
3364,0.9610357999998578,50,16
3365,0.9609721199998575,70,16
3366,0.9608726199998572,405,25
3367,0.960808939999857,55,16
3368,0.9607452599998567,30,16
3369,0.9606815799998565,75,16
3370,0.9606178999998563,65,16
3371,0.9605183999998559,551,25
3372,0.9604348199998556,363,21
3373,0.9603711399998553,75,16
3374,0.9603074599998551,70,16
3375,0.9602437799998549,90,16
3376,0.9601800999998547,65,16
3377,0.9601164199998544,80,16
3378,0.9600527399998542,40,16
3379,0.959989059999854,40,16
3380,0.9598736399998535,544,29
3381,0.9598099599998533,205,16
3382,0.9597462799998531,145,16
3383,0.9596467799998527,599,25
3384,0.9595830999998525,150,16
3385,0.9595194199998522,70,16
3386,0.959455739999852,60,16
3387,0.9593920599998518,90,16
3388,0.9593124599998515,175,20
3389,0.9592487799998513,45,16
3390,0.959169179999851,195,20
3391,0.9590895799998507,185,20
3392,0.9590258999998504,125,16
3393,0.9589462999998501,175,20
3394,0.9588826199998499,150,16
3395,0.9588189399998497,100,16
3396,0.9587552599998495,60,16
3397,0.9586915799998492,120,16
3398,0.9585801399998488,873,28
3399,0.9585164599998486,80,16
3400,0.9584527799998483,75,16
3401,0.9583890999998481,100,16
3402,0.9583254199998479,30,16
3403,0.9582617399998477,140,16
3404,0.9581980599998474,120,16
3405,0.9581343799998472,140,16
3406,0.958070699999847,45,16
3407,0.9580070199998467,80,16
3408,0.9579433399998465,90,16
3409,0.9578796599998463,95,16
3410,0.957815979999846,75,16
3411,0.9577522999998458,75,16
3412,0.9576886199998456,35,16
3413,0.9576249399998453,95,16
3414,0.9575612599998451,105,16
3415,0.9574617599998447,483,25
3416,0.9573821599998444,240,20
3417,0.9573184799998442,180,16
3418,0.957254799999844,130,16
3419,0.9571274399998435,791,32
3420,0.9570637599998433,55,16
3421,0.957000079999843,40,16
3422,0.9569204799998428,190,20
3423,0.9568567999998425,55,16
3424,0.9567931199998423,85,16
3425,0.9567294399998421,110,16
3426,0.9566458599998418,320,21
3427,0.9565662599998415,235,20
3428,0.9565025799998412,60,16
3429,0.9564189999998409,369,21
3430,0.9563115399998405,698,27
3431,0.9562478599998403,65,16
3432,0.9561841799998401,85,16
3433,0.9561204999998398,75,16
3434,0.9560568199998396,85,16
3435,0.9559931399998394,95,16
3436,0.9559294599998391,30,16
3437,0.9558657799998389,90,16
3438,0.9558020999998387,65,16
3439,0.9557384199998384,70,16
3440,0.9556747399998382,85,16
3441,0.955611059999838,130,16
3442,0.9555473799998377,110,16
3443,0.9554836999998375,60,16
3444,0.9554200199998373,120,16
3445,0.955356339999837,40,16
3446,0.9552727599998367,521,21
3447,0.9552090799998365,95,16
3448,0.9551453999998363,50,16
3449,0.9550259999998358,986,30
3450,0.9549623199998356,50,16
3451,0.9548986399998354,75,16
3452,0.9548349599998351,65,16
3453,0.9547513799998348,462,21
3454,0.9546717799998345,145,20
3455,0.9546080999998343,55,16
3456,0.9545444199998341,110,16
3457,0.9544807399998338,105,16
3458,0.9544170599998336,125,16
3459,0.9543334799998333,387,21
3460,0.9542697999998331,65,16
3461,0.9541543799998327,821,29
3462,0.9540906999998324,115,16
3463,0.9540270199998322,90,16
3464,0.953963339999832,65,16
3465,0.9538996599998317,60,16
3466,0.9538359799998315,150,16
3467,0.9537722999998313,135,16
3468,0.953708619999831,95,16
3469,0.9536449399998308,150,16
3470,0.9535812599998306,145,16
3471,0.9535175799998303,95,16
3472,0.9534538999998301,55,16
3473,0.9533902199998299,35,16
3474,0.9533066399998296,354,21
3475,0.9532429599998293,115,16
3476,0.9531792799998291,65,16
3477,0.9531155999998289,195,16
3478,0.9530519199998286,130,16
3479,0.9529882399998284,80,16
3480,0.9529245599998282,25,16
3481,0.9528608799998279,155,16
3482,0.9527971999998277,120,16
3483,0.9527335199998275,70,16
3484,0.9526698399998272,125,16
3485,0.9525544199998268,593,29
3486,0.9524907399998266,50,16
3487,0.9524270599998264,70,16
3488,0.9523633799998261,90,16
3489,0.9522996999998259,70,16
3490,0.9522360199998257,110,16
3491,0.9521564199998254,195,20
3492,0.9520927399998251,120,16
3493,0.9520290599998249,65,16
3494,0.9519653799998247,70,16
3495,0.9519016999998244,80,16
3496,0.9518380199998242,155,16
3497,0.951774339999824,135,16
3498,0.9517106599998237,100,16
3499,0.9516469799998235,85,16
3500,0.9515832999998233,100,16
3501,0.951519619999823,85,16
3502,0.9514400199998228,170,20
3503,0.9513763399998225,160,16
3504,0.9512768399998222,541,25
3505,0.9512131599998219,50,16
3506,0.9511494799998217,40,16
3507,0.9510857999998215,100,16
3508,0.9510221199998212,115,16
3509,0.950958439999821,90,16
3510,0.9508947599998208,40,16
3511,0.9508310799998205,165,16
3512,0.9507673999998203,90,16
3513,0.9507037199998201,100,16
3514,0.9506400399998198,65,16
3515,0.9505763599998196,190,16
3516,0.9505126799998194,60,16
3517,0.9504489999998191,85,16
3518,0.9503853199998189,50,16
3519,0.9503216399998187,55,16
3520,0.9502579599998184,160,16
3521,0.9501584599998181,464,25
3522,0.9500947799998178,145,16
3523,0.9500151799998175,185,20
3524,0.9499355799998173,205,20
3525,0.949871899999817,50,16
3526,0.9497883199998167,339,21
3527,0.9496728999998163,727,29
3528,0.9496092199998161,60,16
3529,0.9495455399998158,70,16
3530,0.9494818599998156,90,16
3531,0.9493823599998152,466,25
3532,0.949318679999815,115,16
3533,0.9492549999998148,205,16
3534,0.9491913199998145,50,16
3535,0.9491276399998143,90,16
3536,0.9490639599998141,60,16
3537,0.9490002799998138,115,16
3538,0.9488848599998134,540,29
3539,0.9488211799998132,105,16
3540,0.9486778999998127,1519,36
3541,0.9485982999998124,145,20
3542,0.9485346199998121,125,16
3543,0.9484709399998119,120,16
3544,0.9484072599998117,100,16
3545,0.9483077599998113,626,25
3546,0.9482440799998111,95,16
3547,0.9481803999998109,95,16
3548,0.9481007999998106,190,20
3549,0.9480211999998103,155,20
3550,0.94795751999981,75,16
3551,0.9478938399998098,205,16
3552,0.9478301599998096,45,16
3553,0.9477664799998093,110,16
3554,0.9477027999998091,85,16
3555,0.9476391199998089,65,16
3556,0.9475595199998086,220,20
3557,0.9474958399998084,80,16
3558,0.9474321599998081,90,16
3559,0.9473684799998079,45,16
3560,0.9472888799998076,230,20
3561,0.9472251999998074,115,16
3562,0.9471615199998071,80,16
3563,0.9470978399998069,55,16
3564,0.9470341599998067,45,16
3565,0.9469704799998064,50,16
3566,0.9469067999998062,65,16
3567,0.946843119999806,110,16
3568,0.9467794399998057,75,16
3569,0.9467157599998055,60,16
3570,0.9466520799998053,170,16
3571,0.946588399999805,85,16
3572,0.9465247199998048,85,16
3573,0.9464411399998045,319,21
3574,0.9463615399998042,180,20
3575,0.946297859999804,65,16
3576,0.9462341799998037,65,16
3577,0.9461704999998035,115,16
3578,0.9461068199998033,185,16
3579,0.946043139999803,70,16
3580,0.9459794599998028,50,16
3581,0.9459157799998026,125,16
3582,0.9458520999998024,120,16
3583,0.945768519999802,389,21
3584,0.9457048399998018,150,16
3585,0.9455894199998014,775,29
3586,0.9455257399998012,95,16
3587,0.9454461399998009,220,20
3588,0.9453824599998006,110,16
3589,0.9453187799998004,70,16
3590,0.9452391799998001,225,20
3591,0.9451555999997998,378,21
3592,0.9450919199997996,60,16
3593,0.9450282399997993,85,16
3594,0.9449645599997991,85,16
3595,0.9449008799997989,45,16
3596,0.9448371999997986,70,16
3597,0.9447735199997984,40,16
3598,0.9447098399997982,190,16
3599,0.9446302399997979,205,20
3600,0.9445665599997977,35,16
3601,0.9444829799997974,409,21
3602,0.9444192999997971,130,16
3603,0.9443556199997969,160,16
3604,0.9442919399997967,160,16
3605,0.9442282599997964,60,16
3606,0.9441645799997962,75,16
3607,0.944100899999796,80,16
3608,0.9440372199997957,70,16
3609,0.9439138399997953,660,31
3610,0.943850159999795,65,16
3611,0.9437864799997948,110,16
3612,0.9437227999997946,20,16
3613,0.9436431999997943,220,20
3614,0.9435795199997941,65,16
3615,0.9434999199997938,215,20
3616,0.9434362399997935,50,16
3617,0.9433725599997933,80,16
3618,0.9433088799997931,70,16
3619,0.9432451999997928,100,16
3620,0.9431815199997926,170,16
3621,0.9430820199997922,432,25
3622,0.943018339999792,75,16
3623,0.9429546599997918,125,16
3624,0.9428710799997915,401,21
3625,0.9428073999997912,70,16
3626,0.942743719999791,165,16
3627,0.9426641199997907,245,20
3628,0.9426004399997905,60,16
3629,0.9425367599997903,205,16
3630,0.9424372599997899,526,25
3631,0.9423735799997897,120,16
3632,0.9423098999997894,95,16
3633,0.9422263199997891,346,21
3634,0.9421268199997888,396,25
3635,0.9420631399997885,95,16
3636,0.9419994599997883,100,16
3637,0.9418999599997879,509,25
3638,0.9418362799997877,90,16
3639,0.9417725999997875,70,16
3640,0.9417089199997872,90,16
3641,0.941645239999787,60,16
3642,0.9415815599997868,80,16
3643,0.9415178799997865,75,16
3644,0.9414541999997863,70,16
3645,0.9413905199997861,110,16
3646,0.9413268399997858,170,16
3647,0.9412472399997855,170,20
3648,0.9411636599997852,416,21
3649,0.941099979999785,60,16
3650,0.9409726199997845,1086,32
3651,0.9409089399997843,85,16
3652,0.9408452599997841,85,16
3653,0.9407815799997838,55,16
3654,0.9407178999997836,90,16
3655,0.9404751199997827,2301,61
3656,0.9404114399997825,85,16
3657,0.9403477599997823,85,16
3658,0.940284079999782,70,16
3659,0.9402203999997818,125,16
3660,0.9401567199997816,45,16
3661,0.9400930399997813,80,16
3662,0.940013439999781,215,20
3663,0.9399497599997808,65,16
3664,0.9398860799997806,85,16
3665,0.9398223999997803,110,16
3666,0.93974279999978,160,20
3667,0.9396631999997798,240,20
3668,0.9395995199997795,55,16
3669,0.9395358399997793,55,16
3670,0.9394721599997791,120,16
3671,0.9393925599997788,225,20
3672,0.9393129599997785,235,20
3673,0.9392134599997781,616,25
3674,0.9391497799997779,75,16
3675,0.9390860999997777,75,16
3676,0.9390224199997774,50,16
3677,0.9389587399997772,85,16
3678,0.938895059999777,85,16
3679,0.9388313799997767,85,16
3680,0.9387517799997764,170,20
3681,0.9386880999997762,230,16
3682,0.938624419999776,90,16
3683,0.9385607399997757,75,16
3684,0.9384970599997755,60,16
3685,0.9384174599997752,180,20
3686,0.938353779999775,85,16
3687,0.9382900999997748,70,16
3688,0.9382264199997745,70,16
3689,0.9381428399997742,479,21
3690,0.9380433399997739,653,25
3691,0.9379796599997736,25,16
3692,0.9379159799997734,85,16
3693,0.9378522999997732,180,16
3694,0.9377289199997727,751,31
3695,0.9376652399997725,95,16
3696,0.9376015599997722,100,16
3697,0.937537879999772,80,16
3698,0.9374741999997718,75,16
3699,0.9373746999997714,476,25
3700,0.9373110199997712,85,16
3701,0.937247339999771,75,16
3702,0.9371836599997707,60,16
3703,0.9371199799997705,90,16
3704,0.9370562999997702,105,16
3705,0.93699261999977,85,16
3706,0.9369289399997698,100,16
3707,0.9368373999997694,424,23
3708,0.9367737199997692,80,16
3709,0.936710039999769,125,16
3710,0.9366304399997687,160,20
3711,0.9365468599997684,350,21
3712,0.9364831799997682,120,16
3713,0.9364194999997679,115,16
3714,0.9363558199997677,90,16
3715,0.9362563199997673,628,25
3716,0.9361926399997671,50,16
3717,0.9361090599997668,341,21
3718,0.9360453799997666,85,16
3719,0.9359816999997663,75,16
3720,0.9359180199997661,105,16
3721,0.9357826999997656,1112,34
3722,0.9357190199997654,50,16
3723,0.9356553399997651,55,16
3724,0.9355916599997649,125,16
3725,0.9355279799997647,165,16
3726,0.9354642999997644,100,16
3727,0.9354006199997642,80,16
3728,0.935336939999764,85,16
3729,0.9352732599997637,85,16
3730,0.9352095799997635,60,16
3731,0.9351458999997633,110,16
3732,0.935082219999763,70,16
3733,0.9350185399997628,115,16
3734,0.9349548599997626,85,16
3735,0.9348394399997622,523,29
3736,0.9347757599997619,80,16
3737,0.9347120799997617,55,16
3738,0.9346483999997615,200,16
3739,0.9345847199997612,65,16
3740,0.934521039999761,80,16
3741,0.9344573599997608,105,16
3742,0.9343737799997605,381,21
3743,0.9343100999997602,50,16
3744,0.93424641999976,165,16
3745,0.9341668199997597,165,20
3746,0.9341031399997595,110,16
3747,0.9340394599997592,105,16
3748,0.933975779999759,120,16
3749,0.9339081199997588,506,17
3750,0.9338245399997585,339,21
3751,0.9337608599997582,50,16
3752,0.933697179999758,50,16
3753,0.9336334999997578,35,16
3754,0.9335698199997575,25,16
3755,0.9335061399997573,200,16
3756,0.9334424599997571,175,16
3757,0.9333787799997568,80,16
3758,0.9333150999997566,145,16
3759,0.9332514199997564,120,16
3760,0.9331877399997561,85,16
3761,0.9331240599997559,105,16
3762,0.9330603799997557,55,16
3763,0.9329966999997554,210,16
3764,0.9329170999997551,205,20
3765,0.9328534199997549,110,16
3766,0.9327897399997547,50,16
3767,0.9327260599997544,50,16
3768,0.9326623799997542,100,16
3769,0.932598699999754,55,16
3770,0.9325190999997537,170,20
3771,0.9324554199997535,65,16
3772,0.9323917399997532,80,16
3773,0.9323081599997529,524,21
3774,0.9322285599997526,180,20
3775,0.9321290599997523,523,25
3776,0.932065379999752,70,16
3777,0.9320016999997518,165,16
3778,0.9319380199997516,160,16
3779,0.9318743399997513,105,16
3780,0.9318106599997511,125,16
3781,0.9317270799997508,386,21
3782,0.9316633999997506,100,16
3783,0.9315837999997503,240,20
3784,0.93152011999975,70,16
3785,0.9314564399997498,110,16
3786,0.9313927599997496,55,16
3787,0.9313290799997493,115,16
3788,0.9312653999997491,175,16
3789,0.9312017199997489,170,16
3790,0.9310902799997485,1050,28
3791,0.9310265999997482,115,16
3792,0.930962919999748,65,16
3793,0.9308474999997476,644,29
3794,0.9307838199997474,45,16
3795,0.9307201399997471,160,16
3796,0.9306564599997469,85,16
3797,0.9305927799997467,105,16
3798,0.9305290999997464,70,16
3799,0.9304654199997462,85,16
3800,0.930401739999746,75,16
3801,0.9303380599997457,75,16
3802,0.9302743799997455,75,16
3803,0.9302106999997453,45,16
3804,0.930147019999745,40,16
3805,0.9300833399997448,110,16
3806,0.9299997599997445,453,21
3807,0.9299360799997443,70,16
3808,0.929872399999744,60,16
3809,0.9298087199997438,90,16
3810,0.9297291199997435,215,20
3811,0.9296654399997433,80,16
3812,0.929581859999743,407,21
3813,0.9295181799997427,90,16
3814,0.9294385799997424,180,20
3815,0.9293748999997422,65,16
3816,0.9292952999997419,210,20
3817,0.9292316199997417,150,16
3818,0.9291679399997415,215,16
3819,0.9290883399997412,210,20
3820,0.9290246599997409,80,16
3821,0.9289609799997407,90,16
3822,0.9288972999997405,50,16
3823,0.9288137199997402,376,21
3824,0.9287500399997399,70,16
3825,0.9286863599997397,60,16
3826,0.9286226799997395,215,16
3827,0.9285589999997392,85,16
3828,0.928495319999739,85,16
3829,0.9284316399997388,90,16
3830,0.9283679599997385,120,16
3831,0.9283042799997383,115,16
3832,0.9282405999997381,95,16
3833,0.9281769199997378,160,16
3834,0.9281132399997376,45,16
3835,0.9280057799997372,819,27
3836,0.927942099999737,80,16
3837,0.9278784199997367,70,16
3838,0.9277988199997365,195,20
3839,0.9277152399997362,347,21
3840,0.9276515599997359,105,16
3841,0.9275878799997357,65,16
3842,0.9274764399997353,726,28
3843,0.927412759999735,65,16
3844,0.9273490799997348,75,16
3845,0.9272853999997346,50,16
3846,0.9272217199997344,155,16
3847,0.9271062999997339,636,29
3848,0.9270426199997337,110,16
3849,0.9269789399997335,115,16
3850,0.9269152599997332,80,16
3851,0.9268356599997329,205,20
3852,0.9267719799997327,105,16
3853,0.9267082999997325,75,16
3854,0.9266446199997322,55,16
3855,0.926580939999732,70,16
3856,0.9265172599997318,125,16
3857,0.9264535799997315,150,16
3858,0.9263699999997312,364,21
3859,0.926306319999731,125,16
3860,0.9262426399997308,65,16
3861,0.9261789599997305,60,16
3862,0.9260794599997302,517,25
3863,0.92601577999973,50,16
3864,0.9259520999997297,110,16
3865,0.9258884199997295,55,16
3866,0.9258247399997293,70,16
3867,0.925761059999729,65,16
3868,0.9256973799997288,105,16
3869,0.9255978799997284,463,25
3870,0.9255341999997282,40,16
3871,0.925470519999728,60,16
3872,0.9254068399997277,40,16
3873,0.9253232599997274,362,21
3874,0.9252595799997272,45,16
3875,0.925195899999727,100,16
3876,0.9251322199997267,125,16
3877,0.9250526199997264,240,20
3878,0.9249889399997262,70,16
3879,0.924925259999726,35,16
3880,0.9248615799997257,25,16
3881,0.9247978999997255,105,16
3882,0.9247342199997253,45,16
3883,0.924670539999725,140,16
3884,0.9246068599997248,105,16
3885,0.9245073599997244,681,25
3886,0.9244436799997242,65,16
3887,0.924379999999724,130,16
3888,0.9243163199997237,170,16
3889,0.9242526399997235,60,16
3890,0.9241889599997233,40,16
3891,0.924125279999723,125,16
3892,0.9240615999997228,85,16
3893,0.9239620999997225,509,25
3894,0.9238984199997222,55,16
3895,0.923834739999722,65,16
3896,0.9237710599997218,90,16
3897,0.9237073799997215,80,16
3898,0.9236277799997212,200,20
3899,0.9235441999997209,361,21
3900,0.9234805199997207,75,16
3901,0.9234168399997205,170,16
3902,0.9233531599997202,105,16
3903,0.92328947999972,120,16
3904,0.9232257999997198,120,16
3905,0.9231621199997195,110,16
3906,0.9230626199997192,456,25
3907,0.9229989399997189,75,16
3908,0.9229352599997187,60,16
3909,0.9228317799997183,982,26
3910,0.9227680999997181,110,16
3911,0.9227044199997179,225,16
3912,0.9226407399997176,140,16
3913,0.9225770599997174,120,16
3914,0.9225133799997172,75,16
3915,0.9224496999997169,45,16
3916,0.9223860199997167,65,16
3917,0.9223223399997165,215,16
3918,0.9222108999997161,968,28
3919,0.9221472199997158,105,16
3920,0.9220835399997156,165,16
3921,0.9220198599997154,165,16
3922,0.9219402599997151,235,20
3923,0.9218765799997148,75,16
3924,0.9218128999997146,85,16
3925,0.9217492199997144,75,16
3926,0.9216855399997141,135,16
3927,0.9216059399997139,125,20
3928,0.9215422599997136,80,16
3929,0.9214626599997133,200,20
3930,0.9213989799997131,40,16
3931,0.9213352999997129,225,16
3932,0.9212716199997126,135,16
3933,0.9212079399997124,100,16
3934,0.9211442599997122,75,16
3935,0.9210805799997119,105,16
3936,0.9210168999997117,70,16
3937,0.9209532199997115,130,16
3938,0.9208736199997112,225,20
3939,0.920809939999711,45,16
3940,0.9207303399997107,130,20
3941,0.9206507399997104,195,20
3942,0.9205870599997101,70,16
3943,0.9205233799997099,100,16
3944,0.9204596999997097,45,16
3945,0.9203960199997094,80,16
3946,0.9203323399997092,45,16
3947,0.920268659999709,125,16
3948,0.9201691599997086,734,25
3949,0.9200696599997082,498,25
3950,0.920005979999708,65,16
3951,0.9199422999997078,30,16
3952,0.9198786199997075,150,16
3953,0.9198149399997073,45,16
3954,0.9197512599997071,80,16
3955,0.9196875799997069,25,16
3956,0.9196039999997065,516,21
3957,0.9195044999997062,539,25
3958,0.919440819999706,95,16
3959,0.9193771399997057,110,16
3960,0.9193134599997055,95,16
3961,0.9192497799997053,130,16
3962,0.919186099999705,170,16
3963,0.9191224199997048,40,16
3964,0.9190587399997046,155,16
3965,0.9189950599997043,135,16
3966,0.918915459999704,205,20
3967,0.9187522799997034,1568,41
3968,0.9186885999997032,50,16
3969,0.918624919999703,85,16
3970,0.9185612399997027,145,16
3971,0.9184975599997025,55,16
3972,0.9184338799997023,70,16
3973,0.9183184599997019,501,29
3974,0.9182030399997014,693,29
3975,0.918083639999701,988,30
3976,0.9180199599997008,125,16
3977,0.9179562799997005,55,16
3978,0.9178925999997003,95,16
3979,0.9178289199997001,135,16
3980,0.9177652399996998,75,16
3981,0.9177015599996996,75,16
3982,0.9176378799996994,100,16
3983,0.9175741999996991,45,16
3984,0.9174746999996988,526,25
3985,0.9174110199996985,50,16
3986,0.9173473399996983,85,16
3987,0.9172836599996981,185,16
3988,0.9172199799996978,80,16
3989,0.9171562999996976,100,16
3990,0.9170926199996974,110,16
3991,0.9170289399996971,70,16
3992,0.9169453599996968,589,21
3993,0.9168816799996966,220,16
3994,0.9168020799996963,160,20
3995,0.9167383999996961,125,16
3996,0.9166747199996959,150,16
3997,0.9166110399996956,90,16
3998,0.9165473599996954,115,16
3999,0.9164836799996952,135,16
4000,0.9164000999996949,443,21
4001,0.9163364199996946,80,16
4002,0.9162727399996944,125,16
4003,0.9162090599996942,85,16
4004,0.9161095599996938,444,25
4005,0.9160299599996935,160,20
4006,0.9159662799996933,170,16
4007,0.915902599999693,210,16
4008,0.9158389199996928,95,16
4009,0.9157752399996926,140,16
4010,0.9156757399996922,406,25
4011,0.915612059999692,65,16
4012,0.9155483799996917,75,16
4013,0.9154846999996915,80,16
4014,0.9154210199996913,80,16
4015,0.915357339999691,210,16
4016,0.9152936599996908,70,16
4017,0.9152299799996906,155,16
4018,0.9151662999996903,105,16
4019,0.9151026199996901,135,16
4020,0.9150389399996899,75,16
4021,0.9149593399996896,155,20
4022,0.9148598399996892,496,25
4023,0.914796159999689,95,16
4024,0.9147165599996887,230,20
4025,0.9146528799996885,70,16
4026,0.9145732799996882,190,20
4027,0.914509599999688,50,16
4028,0.9144459199996877,180,16
4029,0.9143822399996875,195,16
4030,0.9143185599996873,55,16
4031,0.914254879999687,55,16
4032,0.9141076199996865,1391,37
4033,0.9140439399996863,185,16
4034,0.913980259999686,105,16
4035,0.9139006599996857,225,20
4036,0.9138369799996855,140,16
4037,0.9137732999996853,170,16
4038,0.913709619999685,155,16
4039,0.9136459399996848,80,16
4040,0.9135822599996846,140,16
4041,0.9134668399996841,668,29
4042,0.9134031599996839,65,16
4043,0.9133195799996836,366,21
4044,0.9132558999996834,90,16
4045,0.9131922199996831,80,16
4046,0.9130966999996828,245,24
4047,0.9130330199996826,110,16
4048,0.9129693399996823,35,16
4049,0.9129056599996821,45,16
4050,0.9128419799996819,110,16
4051,0.9127782999996816,115,16
4052,0.9127146199996814,55,16
4053,0.9126509399996812,50,16
4054,0.9125673599996809,424,21
4055,0.9125036799996806,70,16
4056,0.9124399999996804,100,16
4057,0.9123763199996802,160,16
4058,0.9122927399996799,448,21
4059,0.9122290599996796,110,16
4060,0.9121653799996794,175,16
4061,0.9121016999996792,110,16
4062,0.9120380199996789,50,16
4063,0.9119743399996787,155,16
4064,0.9118230999996781,1185,38
